Date,Open,High,Low,Close,Adj Close,Volume,Days
2018-11-09,40.459999,40.490002,40.310001,40.490002,39.802666,4700,0
2018-11-12,40.009998,40.299999,39.400002,39.400002,38.731171,19200,1
2018-11-13,39.439999,39.439999,39.040001,39.040001,38.377277,27500,2
2018-11-14,39.349998,39.380001,38.650002,38.810001,38.151188,6300,3
2018-11-15,38.360001,38.790001,38.110001,38.790001,38.131527,5500,4
2018-11-16,38.610001,38.919998,38.580002,38.919998,38.259319,7600,5
2018-11-19,38.919998,38.919998,38.169998,38.32,37.669498,5000,6
2018-11-20,38.380001,38.380001,37.82,37.990002,37.345097,7200,7
2018-11-21,37.98,38.330002,37.98,38.330002,37.679337,2800,8
2018-11-23,38.23,38.259998,38,38.150002,37.502396,4700,9
2018-11-26,38.25,38.34,38.040001,38.169998,37.522049,5200,10
2018-11-27,38.189999,38.25,38.07,38.150002,37.502396,23500,11
2018-11-28,38.290001,39.25,38.290001,39.25,38.583706,7600,12
2018-11-29,39.169998,39.23,39.009998,39.23,38.56406,5400,13
2018-11-30,39.259998,39.290001,39.02,39.290001,38.623039,1800,14
2018-12-03,39.830002,40.169998,39.470001,39.470001,38.79998,2700,15
2018-12-04,39.650002,39.689999,38.720001,38.720001,38.062717,5200,16
2018-12-06,38.279999,38.450001,37.91,38.450001,37.797298,1900,17
2018-12-07,38.790001,38.84,37.869999,38.049999,37.404087,5200,18
2018-12-10,38,38,37.43,37.950001,37.305779,6200,19
2018-12-11,38.240002,40.369999,37.830002,38.099998,37.453228,11400,20
2018-12-12,38.34,38.810001,38.299999,38.650002,37.9939,7400,21
2018-12-13,38.73,38.73,38.369999,38.389999,37.738312,1700,22
2018-12-14,37.91,38.049999,37.639999,37.639999,37.001038,2200,23
2018-12-17,37.450001,37.459999,36.73,36.82,36.194969,4400,24
2018-12-18,36.939999,37.049999,36.799999,36.830002,36.204796,3100,25
2018-12-19,36.959999,37.16,36.48,36.48,35.860733,1100,26
2018-12-20,36,36,35.450001,35.450001,34.848228,3500,27
2018-12-21,35.580002,35.75,34.950001,34.98,34.386196,5500,28
2018-12-24,34.869999,35.099998,33.919998,34.209999,33.629272,9000,29
2018-12-26,34.119999,35.330002,34.07,35.290001,34.717319,8800,30
2018-12-27,35.200001,35.709999,34.950001,35.669998,35.091156,5400,31
2018-12-28,36,36.200001,35.970001,36.09,35.504341,1400,32
2018-12-31,36.619999,36.619999,36,36.240002,35.651913,5100,33
2019-01-02,36.41,36.41,36.259998,36.400002,35.809311,13700,34
2019-01-03,36.310001,36.310001,36.080002,36.080002,35.494503,700,35
2019-01-04,36.84,37.32,36.830002,37.32,36.714382,800,36
2019-01-07,38,38.169998,37.889999,37.91,37.294811,2600,37
2019-01-08,38.060001,38.43,38,38.139999,37.521065,4800,38
2019-01-09,38.560001,38.639999,38.349998,38.57,37.944103,5000,39
2019-01-10,38.349998,38.529999,38.27,38.529999,37.904758,6000,40
2019-01-11,38.060001,38.139999,38.040001,38.139999,37.521065,1600,41
2019-01-14,37.880001,38,37.830002,37.889999,37.275135,2100,42
2019-01-15,37.919998,38.59,37.919998,38.59,37.963768,6600,43
2019-01-16,38.82,38.82,38.610001,38.610001,37.983448,2200,44
2019-01-17,38.990002,39.02,38.959999,39.02,38.386791,200,45
2019-01-18,39.130001,39.43,39.130001,39.240002,38.603226,2700,46
2019-01-22,39.060001,39.34,38.689999,39,38.367119,8200,47
2019-01-23,39.200001,39.200001,38.860001,39.07,38.435986,3300,48
2019-01-24,39.07,39.07,39.07,39.07,38.435986,200,49
2019-01-25,39.220001,39.220001,39.049999,39.07,38.435986,700,50
2019-01-28,38.580002,38.900002,38.580002,38.889999,38.258904,700,51
2019-01-29,38.32,38.32,38,38.02,37.403027,1500,52
2019-01-30,37.919998,38.310001,37.849998,38.25,37.629288,4400,53
2019-01-31,38.209999,38.68,38.209999,38.68,38.052315,3300,54
2019-02-01,38.66,38.66,38.119999,38.400002,37.776863,2800,55
2019-02-04,38.669998,38.82,38.669998,38.689999,38.062149,1400,56
2019-02-05,38.200001,38.75,38.200001,38.75,38.121178,400,57
2019-02-06,38.630001,38.77,38.619999,38.689999,38.062149,700,58
2019-02-07,37.599998,37.599998,37.27,37.34,36.734055,800,59
2019-02-08,37.25,37.450001,37.25,37.450001,36.842274,19400,60
2019-02-11,37.619999,37.669998,37.619999,37.669998,37.058701,1000,61
2019-02-12,37.869999,38.060001,37.869999,38.02,37.403027,1100,62
2019-02-13,38.330002,38.330002,38.07,38.150002,37.53091,5600,63
2019-02-14,38.59,38.599998,38.380001,38.400002,37.776863,800,64
2019-02-15,38.880001,39.09,38.75,39.09,38.455654,1100,65
2019-02-19,39.169998,39.700001,39.09,39.59,38.947544,10800,66
2019-02-20,39.59,39.68,39.41,39.41,38.77047,2800,67
2019-02-21,39.380001,39.380001,39.099998,39.150002,38.514683,4700,68
2019-02-22,39.060001,39.349998,39.060001,39.349998,38.711445,5600,69
2019-02-25,39.73,39.779999,39.630001,39.639999,38.996738,3200,70
2019-02-26,39.400002,39.43,39.27,39.389999,38.75079,4100,71
2019-02-27,39.610001,39.610001,39.279999,39.5,38.859001,1600,72
2019-02-28,39.549999,39.650002,39.509998,39.52,38.878677,7700,73
2019-03-01,39.860001,40.02,39.849998,39.950001,39.301701,1500,74
2019-03-04,40.279999,40.279999,39.330002,39.360001,38.721279,3100,75
2019-03-05,39.400002,39.400002,39.259998,39.389999,38.75079,1700,76
2019-03-06,38.990002,38.990002,38.459999,38.459999,37.83588,5500,77
2019-03-07,38.25,38.25,37.869999,37.869999,37.255451,1000,78
2019-03-08,37.73,37.73,37.68,37.700001,37.088203,600,79
2019-03-11,37.759998,38.18,37.720001,38.18,37.560425,2900,80
2019-03-12,38.290001,38.580002,38.279999,38.490002,37.865391,40400,81
2019-03-13,38.709999,38.900002,38.599998,38.849998,38.219555,8800,82
2019-03-14,38.950001,39.060001,38.82,39.029999,38.396637,8100,83
2019-03-15,39.110001,39.369999,39.080002,39.220001,38.583549,6300,84
2019-03-18,39.389999,39.470001,39.200001,39.279999,38.642567,7600,85
2019-03-19,39.639999,39.82,39.57,39.68,39.036087,5900,86
2019-03-20,39.619999,40,39.470001,39.779999,39.152229,7000,87
2019-03-21,39.66,40.540001,39.66,40.450001,39.811653,8300,88
2019-03-22,40.16,40.16,39.330002,39.330002,38.709328,12100,89
2019-03-25,39.369999,39.43,39,39.43,38.807739,3100,90
2019-03-26,39.689999,39.810001,39.540001,39.599998,38.97506,4200,91
2019-03-27,39.82,39.82,39.18,39.57,38.945538,4600,92
2019-03-28,39.709999,39.900002,39.650002,39.810001,39.181755,13700,93
2019-03-29,40.049999,40.27,39.950001,40.259998,39.624641,3800,94
2019-04-01,40.43,40.450001,40.25,40.330002,39.69355,3400,95
2019-04-02,40.049999,40.400002,40.049999,40.330002,39.69355,37500,96
2019-04-03,40.450001,40.450001,40.189999,40.25,39.614807,3700,97
2019-04-04,40.189999,40.189999,39.919998,40.009998,39.378601,3700,98
2019-04-05,39.790001,40.619999,39.790001,40.43,39.791965,4200,99
2019-04-08,40.25,40.299999,39.93,40.27,39.634495,6100,100
2019-04-09,40.110001,40.290001,40.110001,40.150002,39.516384,4300,101
2019-04-10,40.27,40.400002,40.259998,40.259998,39.624641,8100,102
2019-04-11,40.580002,40.580002,40.290001,40.41,39.772285,8700,103
2019-04-12,40.439999,40.48,40.310001,40.310001,39.673862,7900,104
2019-04-15,40.48,40.549999,40.349998,40.360001,39.723064,3200,105
2019-04-16,40.419998,40.43,40.130001,40.240002,39.604961,6500,106
2019-04-17,40.150002,40.150002,39.639999,39.709999,39.083321,5500,107
2019-04-18,39.869999,39.869999,39.400002,39.560001,38.935696,8400,108
2019-04-22,39.560001,39.720001,39.439999,39.529999,38.906174,3300,109
2019-04-23,39.66,40.02,39.66,40.02,39.388432,5000,110
2019-04-24,40.060001,40.209999,39.990002,40.09,39.457329,1700,111
2019-04-25,39.860001,40.119999,39.860001,40.119999,39.486858,35500,112
2019-04-26,40.509998,40.950001,40.509998,40.860001,40.215176,12800,113
2019-04-29,41.02,41.060001,40.75,40.939999,40.293911,4100,114
2019-04-30,41.02,41.02,40.599998,40.880001,40.234859,112300,115
2019-05-01,40.889999,41.009998,40.529999,40.529999,39.890392,7500,116
2019-05-02,40.799999,40.950001,40.619999,40.93,40.284069,6400,117
2019-05-03,41.220001,42,41.220001,42,41.337185,5900,118
2019-05-06,41.25,41.73,41.240002,41.669998,41.012394,19500,119
2019-05-07,41.630001,41.759998,41.360001,41.560001,40.904133,8300,120
2019-05-08,41.57,41.57,41.240002,41.32,40.667923,8400,121
2019-05-09,40.889999,41.130001,40.790001,41.029999,40.382492,5700,122
2019-05-10,41.07,41.200001,40.59,41.200001,40.549816,5000,123
2019-05-13,40.630001,40.630001,40.099998,40.130001,39.496696,4500,124
2019-05-14,40.299999,40.830002,40.240002,40.830002,40.185658,4400,125
2019-05-15,40.740002,41.240002,40.599998,41.119999,40.471081,8500,126
2019-05-16,41.16,41.59,41.16,41.18,40.530125,9600,127
2019-05-17,41.23,41.599998,41.040001,41.369999,40.717136,7800,128
2019-05-20,41.07,41.07,40.779999,40.91,40.264389,5400,129
2019-05-21,41.23,41.310001,41.139999,41.139999,40.490761,6600,130
2019-05-22,41.189999,41.27,41.09,41.110001,40.461231,6200,131
2019-05-23,41.150002,41.150002,40.75,40.790001,40.146282,9000,132
2019-05-24,41.029999,41.080002,40.759998,41.080002,40.431709,2700,133
2019-05-28,41.25,41.27,40.75,40.759998,40.116749,5800,134
2019-05-29,40.509998,40.529999,40.25,40.529999,39.890392,5500,135
2019-05-30,40.59,40.59,40.25,40.349998,39.713223,4800,136
2019-05-31,40.040001,40.060001,39.799999,39.919998,39.290009,12500,137
2019-06-03,39.880001,40.18,39.849998,40.18,39.54591,6500,138
2019-06-04,40.380001,40.939999,40.380001,40.939999,40.293911,10500,139
2019-06-05,41.080002,41.189999,40.98,41,40.352966,16500,140
2019-06-06,41.049999,41.099998,40.849998,41,40.352966,11000,141
2019-06-07,41.189999,41.470001,41.119999,41.380001,40.726971,29400,142
2019-06-10,41.619999,41.75,41.450001,41.5,40.845078,14100,143
2019-06-11,41.689999,41.82,41.459999,41.459999,40.805702,82300,144
2019-06-12,41.610001,41.810001,41.610001,41.73,41.071457,24000,145
2019-06-13,41.889999,42.32,41.610001,41.709999,41.051773,20200,146
2019-06-14,41.82,41.939999,41.709999,41.860001,41.199398,6600,147
2019-06-17,41.82,42.080002,41.57,41.880001,41.219086,5600,148
2019-06-18,42.240002,42.509998,42.119999,42.43,41.76041,9400,149
2019-06-19,42.540001,42.939999,42.41,42.880001,42.203293,18200,150
2019-06-20,43.259998,43.459999,42.959999,43.049999,42.370617,20000,151
2019-06-21,42.98,42.98,42.5,42.509998,41.839138,22700,152
2019-06-24,42.560001,42.57,42.259998,42.259998,41.59309,9800,153
2019-06-25,42.040001,42.049999,41.830002,41.830002,41.256763,10600,154
2019-06-26,41.849998,41.889999,41.34,41.43,40.86224,45400,155
2019-06-27,41.48,41.98,41.48,41.900002,41.325798,25000,156
2019-06-28,42.16,42.700001,42.150002,42.700001,42.114841,8900,157
2019-07-01,43.060001,43.099998,42.630001,42.869999,42.282509,75400,158
2019-07-02,43,43,42.740002,42.830002,42.243053,6000,159
2019-07-03,43.07,43.330002,43.07,43.139999,42.548805,6500,160
2019-07-05,42.830002,43.16,42.810001,43.09,42.499485,5500,161
2019-07-08,43,43,42.639999,42.700001,42.114841,2800,162
2019-07-09,42.5,42.52,42.369999,42.490002,41.907715,18200,163
2019-07-10,43,43.07,42.84,43.02,42.430447,8300,164
2019-07-11,43,43.049999,42.860001,43.049999,42.460041,7600,165
2019-07-12,42.889999,43.099998,42.860001,43.060001,42.469898,7200,166
2019-07-15,43.23,43.310001,43.099998,43.259998,42.667171,12700,167
2019-07-16,43.130001,43.25,42.860001,42.860001,42.27264,9300,168
2019-07-17,42.880001,42.900002,42.59,42.720001,42.13456,7400,169
2019-07-18,42.689999,43.169998,42.529999,43.130001,42.538948,16500,170
2019-07-19,43.330002,43.330002,42.720001,42.720001,42.13456,46200,171
2019-07-22,42.700001,42.709999,42.299999,42.299999,41.720322,7100,172
2019-07-23,42.5,42.59,42.18,42.48,41.897846,5100,173
2019-07-24,42.580002,43.02,42.490002,43.02,42.430447,7800,174
2019-07-25,43,43.07,42.720001,42.720001,42.13456,4700,175
2019-07-26,42.990002,43.009998,42.82,42.889999,42.302223,7400,176
2019-07-29,42.810001,42.950001,42.599998,42.950001,42.36142,6000,177
2019-07-30,42.900002,43.07,42.650002,43.049999,42.460041,29500,178
2019-07-31,43.099998,43.299999,42.549999,42.779999,42.193733,11000,179
2019-08-01,42.950001,43,42.43,42.610001,42.026066,11300,180
2019-08-02,42.450001,42.509998,41.73,41.82,41.246895,10000,181
2019-08-05,41.34,41.369999,40.68,40.869999,40.30991,8700,182
2019-08-06,41.299999,41.32,40.84,41.299999,40.73402,7600,183
2019-08-07,41.080002,41.509998,40.880001,41.48,40.911552,7000,184
2019-08-08,41.709999,42.130001,41.639999,42.099998,41.523052,6400,185
2019-08-09,42.169998,42.369999,42.099998,42.150002,41.572376,9400,186
2019-08-12,41.860001,41.860001,41.52,41.560001,40.990459,9500,187
2019-08-13,40.34,40.580002,39.950001,40.209999,39.658958,32000,188
2019-08-14,40.16,40.16,39,39.060001,38.524727,16900,189
2019-08-15,39.049999,39.419998,39.009998,39.419998,38.879784,6700,190
2019-08-16,39.380001,39.57,39.290001,39.549999,39.007999,7000,191
2019-08-19,40,40.080002,39.919998,40.02,39.471554,7600,192
2019-08-20,40.09,40.25,40.049999,40.189999,39.639233,5700,193
2019-08-21,40.450001,40.48,40.330002,40.389999,39.836487,10100,194
2019-08-22,40.43,40.470001,40.130001,40.459999,39.905529,24600,195
2019-08-23,40.369999,40.509998,39.700001,39.700001,39.155949,5800,196
2019-08-26,39.970001,40.290001,39.970001,40.279999,39.727997,1800,197
2019-08-27,40.369999,40.400002,39.950001,40.02,39.471554,7700,198
2019-08-28,39.799999,40.279999,39.799999,40.130001,39.580055,3200,199
2019-08-29,40.400002,40.68,40.220001,40.57,40.014019,37100,200
2019-08-30,40.779999,40.880001,40.740002,40.84,40.280327,5600,201
2019-09-03,40.41,40.470001,40.23,40.34,39.787182,2800,202
2019-09-04,40.790001,40.84,40.599998,40.75,40.191559,7800,203
2019-09-05,41.200001,41.220001,41.07,41.110001,40.546619,3600,204
2019-09-06,41.32,41.32,40.970001,40.970001,40.408546,4200,205
2019-09-09,40.959999,40.959999,40.32,40.419998,39.866085,5100,206
2019-09-10,40,40.389999,39.549999,40.220001,39.668823,9500,207
2019-09-11,40.18,40.720001,40.169998,40.639999,40.083076,5900,208
2019-09-12,40.830002,40.830002,40.459999,40.459999,39.905529,7400,209
2019-09-13,40.560001,40.560001,40.369999,40.380001,39.82663,14000,210
2019-09-16,40.279999,40.610001,40.279999,40.529999,39.974575,4000,211
2019-09-17,40.790001,40.830002,40.779999,40.799999,40.240875,4400,212
2019-09-18,40.880001,40.880001,40.049999,40.41,39.856216,7900,213
2019-09-19,40.310001,40.310001,39.939999,40.02,39.471554,23800,214
2019-09-20,39.950001,40.139999,39.93,39.93,39.382805,3300,215
2019-09-23,40.029999,40.27,39.990002,40.220001,39.668823,3800,216
2019-09-24,40.580002,40.630001,39.990002,40.040001,39.491295,9000,217
2019-09-25,39.950001,39.950001,39.66,39.799999,39.254581,7700,218
2019-09-26,39.830002,39.849998,39.529999,39.66,39.116497,4500,219
2019-09-27,39.919998,39.919998,39.389999,39.5,38.958694,8500,220
2019-09-30,39.669998,39.900002,39.57,39.740002,39.195408,10300,221
2019-10-01,39.939999,39.939999,39.27,39.389999,38.850197,3500,222
2019-10-02,39.220001,39.23,38.77,38.950001,38.416222,4900,223
2019-10-03,39.049999,39.310001,39.040001,39.25,38.712109,3400,224
2019-10-04,39.389999,39.490002,39.150002,39.490002,38.948833,3900,225
2019-10-07,39.450001,39.689999,39.450001,39.450001,38.90937,2500,226
2019-10-08,39.029999,39.029999,38.540001,38.540001,38.011841,8500,227
2019-10-09,38.709999,38.709999,38.389999,38.490002,37.962532,6200,228
2019-10-10,38.369999,38.5,38.209999,38.41,37.883625,2700,229
2019-10-11,39.16,39.52,39.16,39.299999,38.761429,11900,230
2019-10-14,39.509998,39.509998,39.27,39.380001,38.840336,6400,231
2019-10-15,39.59,40.07,39.540001,40.040001,39.491295,4500,232
2019-10-16,39.959999,40.060001,39.959999,40.009998,39.4617,4600,233
2019-10-17,40.049999,40.23,40.049999,40.23,39.67868,4000,234
2019-10-18,40.07,40.07,39.669998,39.880001,39.333481,3300,235
2019-10-21,40.09,40.380001,40.09,40.310001,39.757587,2600,236
2019-10-22,40.279999,40.279999,39.860001,39.860001,39.313755,4500,237
2019-10-23,39.759998,39.759998,39.389999,39.470001,38.929096,4700,238
2019-10-24,39.509998,39.52,39.310001,39.41,38.869926,4800,239
2019-10-25,39.560001,39.630001,39.389999,39.389999,38.850197,17900,240
2019-10-28,39.540001,39.689999,39.509998,39.639999,39.096775,4400,241
2019-10-29,39.650002,39.830002,39.59,39.700001,39.155949,5200,242
2019-10-30,39.619999,39.82,39.610001,39.810001,39.26445,2200,243
2019-10-31,40.200001,40.200001,39.959999,40.049999,39.501148,3100,244
2019-11-01,40.09,40.18,39.799999,39.84,39.294041,2300,245
2019-11-04,39.959999,40.049999,39.639999,39.77,39.224983,10600,246
2019-11-05,39.799999,39.880001,39.759998,39.84,39.294041,3000,247
2019-11-06,40.200001,40.43,40.189999,40.299999,39.747726,1900,248
2019-11-07,40.380001,40.549999,40.310001,40.34,39.787182,61300,249
2019-11-08,40.259998,40.380001,40.080002,40.16,39.609653,5100,250
2019-11-11,40.07,40.07,39.75,39.860001,39.313755,7600,251
2019-11-12,40.07,40.560001,40.07,40.52,39.964718,2900,252
2019-11-13,40.599998,41.029999,40.599998,41.009998,40.447994,11300,253
2019-11-14,41.189999,41.209999,40.880001,40.93,40.369095,1900,254
2019-11-15,40.82,41.23,40.82,41.23,40.664974,2700,255
2019-11-18,41.25,41.25,41.049999,41.049999,40.487446,3200,256
2019-11-19,41.25,41.419998,41.200001,41.360001,40.793198,10700,257
2019-11-20,41.369999,41.369999,40.91,41.119999,40.556492,2300,258
2019-11-21,41.07,41.169998,41.009998,41.009998,40.447994,900,259
2019-11-22,41.220001,41.220001,41.02,41.060001,40.497311,8800,260
2019-11-25,41.41,41.529999,41.389999,41.41,40.842518,2700,261
2019-11-26,41.740002,42,41.689999,41.82,41.246895,9300,262
2019-11-27,41.830002,41.830002,41.400002,41.57,41.000324,10900,263
2019-11-29,41.810001,41.84,41.73,41.73,41.158127,3800,264
2019-12-02,41.740002,41.740002,40.939999,41.099998,40.536755,5300,265
2019-12-03,40.93,41.169998,40.849998,41.169998,40.605801,1300,266
2019-12-04,41.450001,41.700001,41.450001,41.509998,40.941143,3400,267
2019-12-05,41.91,42.110001,41.759998,42,41.424435,5400,268
2019-12-06,42.25,42.48,42.150002,42.400002,41.818947,4800,269
2019-12-09,42.439999,42.450001,42.150002,42.16,41.582237,7100,270
2019-12-10,42.009998,42.389999,42.009998,42.34,41.759769,5900,271
2019-12-11,42.220001,42.389999,42.220001,42.32,41.74004,10700,272
2019-12-12,42.580002,43,42.400002,42.720001,42.13456,20400,273
2019-12-13,42.830002,43.169998,42.830002,42.93,42.341679,14600,274
2019-12-16,43.419998,43.560001,43.240002,43.240002,42.647442,9600,275
2019-12-17,42.950001,43.16,42.860001,43.099998,42.50935,9700,276
2019-12-18,43.279999,43.279999,43.009998,43.16,42.568531,4400,277
2019-12-19,43.32,43.689999,43.299999,43.650002,43.051823,8300,278
2019-12-20,43.790001,44.119999,43.790001,44.080002,43.475925,8500,279
2019-12-23,44.119999,44.41,44.09,44.330002,43.722507,6700,280
2019-12-24,44.48,44.5,44.349998,44.369999,43.807407,2600,281
2019-12-26,44.52,44.52,44.189999,44.34,43.777786,5500,282
2019-12-27,44.599998,44.599998,44.23,44.27,43.708679,4400,283
2019-12-30,44.209999,44.209999,44.040001,44.040001,43.48159,2700,284
2019-12-31,44.32,44.43,44.290001,44.400002,43.837029,3500,285
2020-01-02,44.57,44.57,44.299999,44.560001,43.994999,54200,286
2020-01-03,44.07,44.450001,43.790001,44.349998,43.787663,6500,287
2020-01-06,44.080002,44.459999,43.830002,44.380001,43.817284,4200,288
2020-01-07,44.369999,44.59,44.16,44.57,44.004875,3800,289
2020-01-08,44.400002,44.560001,44.299999,44.380001,43.817284,7500,290
2020-01-09,44.610001,44.610001,44.400002,44.540001,43.975254,4100,291
2020-01-10,44.369999,44.419998,44.27,44.349998,43.787663,3800,292
2020-01-13,44.68,45.169998,44.68,45.169998,44.597271,16500,293
2020-01-14,45.009998,45.66,45.009998,45.630001,45.051437,8000,294
2020-01-15,45.66,46.110001,45.66,46.009998,45.426613,5600,295
2020-01-16,45.869999,46.110001,45.830002,46.099998,45.515469,10000,296
2020-01-17,46.259998,46.279999,46.139999,46.240002,45.65369,3300,297
2020-01-21,46.400002,46.400002,46,46.060001,45.475983,11500,298
2020-01-22,46.490002,46.52,46.310001,46.32,45.732677,7500,299
2020-01-23,46.209999,46.209999,45.73,46.099998,45.515469,19700,300
2020-01-24,46.200001,46.200001,45.540001,45.59,45.011936,6400,301
2020-01-27,44.849998,45.279999,44.810001,45.25,44.676258,10900,302
2020-01-28,45.25,45.349998,45.07,45.080002,44.508408,7700,303
2020-01-29,45.189999,45.189999,45.099998,45.119999,44.547894,6100,304
2020-01-30,45.049999,45.25,44.849998,45.25,44.676258,1500,305
2020-01-31,44.84,44.84,44.290001,44.380001,43.817284,7600,306
2020-02-03,44.41,44.779999,44.41,44.68,44.113476,7000,307
2020-02-04,45.610001,45.610001,45.380001,45.389999,44.814476,4600,308
2020-02-05,45.639999,45.639999,45.400002,45.419998,44.84409,4500,309
2020-02-06,45.759998,46.040001,45.759998,45.970001,45.387123,9100,310
2020-02-07,45.900002,45.919998,45.610001,45.700001,45.120541,4600,311
2020-02-10,45.759998,46.259998,45.759998,46.259998,45.673439,5800,312
2020-02-11,46.43,46.720001,46.43,46.59,45.999256,11900,313
2020-02-12,46.490002,46.5,46.220001,46.450001,45.861031,4200,314
2020-02-13,46.310001,46.759998,46.209999,46.580002,45.989388,15600,315
2020-02-14,46.75,46.75,46.25,46.419998,45.831417,2600,316
2020-02-18,46.439999,46.68,46.41,46.669998,46.078236,12900,317
2020-02-19,46.84,47,46.73,46.939999,46.344826,3400,318
2020-02-20,46.959999,46.98,46.5,46.75,46.157238,2700,319
2020-02-21,47.029999,47.07,46.580002,46.639999,46.048618,7600,320
2020-02-24,45.189999,45.740002,44.900002,45.48,44.903336,11400,321
2020-02-25,45.66,45.66,44.330002,44.560001,43.994999,10800,322
2020-02-26,44.610001,44.900002,43.869999,44.099998,43.540833,21200,323
2020-02-27,43.549999,43.970001,42.900002,42.900002,42.356049,8500,324
2020-02-28,41.549999,42.439999,41.400002,42.439999,41.901875,15400,325
2020-03-02,42.759998,43.310001,42.380001,43.310001,42.760849,4100,326
2020-03-03,43.709999,44.360001,43,43.400002,42.849709,14200,327
2020-03-04,44.040001,44.639999,44.009998,44.57,44.004875,3300,328
2020-03-05,43.68,44.119999,43.41,43.599998,43.047169,9600,329
2020-03-06,42.279999,43.259998,42.279999,43.07,42.523891,12900,330
2020-03-09,41.75,41.790001,40.349998,40.720001,40.203693,26600,331
2020-03-10,41.75,41.75,40,41.389999,40.8652,5600,332
2020-03-11,40.549999,40.549999,39.07,39.209999,38.712833,4900,333
2020-03-12,36.82,37,35.009998,35.720001,35.267086,29600,334
2020-03-13,36.73,37.419998,35.16,37.419998,36.945526,18500,335
2020-03-16,34.560001,34.759998,32.080002,33.220001,32.798794,17600,336
2020-03-17,33.380001,35.200001,33.23,35.130001,34.68457,3400,337
2020-03-18,33.630001,33.630001,31.35,33.09,32.670437,8500,338
2020-03-19,33.049999,35.18,32.970001,34.650002,34.210655,7500,339
2020-03-20,34.799999,35.619999,33.740002,33.740002,33.312191,3500,340
2020-03-23,33.959999,34.830002,33.799999,34.360001,33.924328,7900,341
2020-03-24,35.459999,36.32,35.459999,36.32,35.859482,5500,342
2020-03-25,36.049999,36.639999,35.669998,35.98,35.53651,4200,343
2020-03-26,36.32,38.240002,36.32,38.240002,37.768654,10400,344
2020-03-27,36.919998,37.900002,36.919998,37.59,37.126667,1600,345
2020-03-30,38.349998,38.889999,38.16,38.889999,38.410637,5900,346
2020-03-31,39.209999,39.439999,38.529999,38.880001,38.400764,4500,347
2020-04-01,37.68,37.75,37.16,37.169998,36.711834,1600,348
2020-04-02,37.619999,38.34,37.619999,38.34,37.86742,3800,349
2020-04-03,37.82,37.889999,36.66,37.009998,36.55381,14100,350
2020-04-06,38.169998,39.02,38.169998,39.02,38.53904,3300,351
2020-04-07,39.849998,39.849998,38.68,38.68,38.203224,2800,352
2020-04-08,39.450001,40.880001,39.450001,40.560001,40.060055,5800,353
2020-04-09,41.639999,41.82,41.5,41.73,41.21563,5100,354
2020-04-13,41.669998,41.669998,40.689999,40.889999,40.38599,2100,355
2020-04-14,41.73,42.369999,41.73,42.200001,41.67984,8400,356
2020-04-15,41.189999,41.990002,41.189999,41.720001,41.205753,7100,357
2020-04-16,42.5,42.689999,41.959999,42.389999,41.867504,13200,358
2020-04-17,42.389999,42.939999,42.27,42.939999,42.410713,4000,359
2020-04-20,42.389999,43.470001,42.389999,43.02,42.489735,7700,360
2020-04-21,42.34,42.610001,41.77,42.16,41.640327,8400,361
2020-04-22,42.700001,42.860001,42.529999,42.639999,42.11441,3600,362
2020-04-23,42.93,43.240002,42.470001,42.470001,41.946514,17200,363
2020-04-24,42.66,43.209999,42.490002,43.119999,42.588497,24000,364
2020-04-27,43.459999,45.07,43.299999,44.93,44.376186,31000,365
2020-04-28,45.360001,45.360001,44.080002,44.150002,43.605808,7400,366
2020-04-29,44.580002,45.560001,44.580002,45.380001,44.820648,2500,367
2020-04-30,45.09,45.669998,44.740002,44.93,44.376186,7800,368
2020-05-01,44.139999,44.139999,43.529999,43.619999,43.082336,4800,369
2020-05-04,43.57,43.57,42.91,43.18,42.647762,3100,370
2020-05-05,43.59,44.860001,43.330002,44.5,43.951488,4800,371
2020-05-06,44.639999,44.709999,43.77,43.779999,43.240364,4700,372
2020-05-07,44.200001,44.490002,44.139999,44.139999,43.595928,4500,373
2020-05-08,44.650002,44.91,44.619999,44.630001,44.079884,4400,374
2020-05-11,44.52,45.27,44.52,45.139999,44.583599,4000,375
2020-05-12,44.799999,44.799999,44.080002,44.080002,43.536663,3800,376
2020-05-13,44.360001,44.470001,43.639999,43.919998,43.378635,8700,377
2020-05-14,43.389999,43.66,43.009998,43.66,43.121849,6200,378
2020-05-15,43.360001,44.400002,43.299999,44.209999,43.665058,10500,379
2020-05-18,45.689999,45.689999,45.240002,45.419998,44.860149,7200,380
2020-05-19,45.23,45.59,44.93,44.93,44.376186,3400,381
2020-05-20,45.369999,45.419998,44.939999,44.990002,44.435452,6500,382
2020-05-21,44.790001,45.200001,44.77,44.990002,44.435452,2900,383
2020-05-22,44.720001,45.369999,44.720001,45.369999,44.810772,2800,384
2020-05-26,46.169998,46.169998,45.25,45.25,44.692249,19200,385
2020-05-27,45.25,46.459999,45.029999,46.450001,45.877457,7800,386
2020-05-28,46.799999,47.389999,46.700001,46.790001,46.213261,23500,387
2020-05-29,46.919998,47.419998,46.75,47.419998,46.835487,4200,388
2020-06-01,47.509998,48.439999,47.299999,48.130001,47.536747,10200,389
2020-06-02,48.57,48.630001,47.779999,48.630001,48.030579,4600,390
2020-06-03,49,49.130001,48.580002,48.66,48.060207,10000,391
2020-06-04,48.740002,48.740002,48.169998,48.290001,47.694778,8600,392
2020-06-05,50.349998,50.349998,48.84,49.099998,48.494789,6700,393
2020-06-08,49.200001,49.950001,49.009998,49.950001,49.334312,222400,394
2020-06-09,50.23,50.23,49.299999,49.68,49.06765,63400,395
2020-06-10,49.650002,49.950001,49.310001,49.720001,49.107155,44100,396
2020-06-11,48.77,48.77,46.599998,46.799999,46.223145,59800,397
2020-06-12,47.950001,48.34,46.619999,47.48,46.894764,49100,398
2020-06-15,46.650002,48.189999,46.57,47.950001,47.358971,19300,399
2020-06-16,48.91,48.91,48,48.330002,47.734287,29100,400
2020-06-17,48.91,49.529999,48.799999,49.240002,48.633072,29200,401
2020-06-18,48.869999,48.990002,48.650002,48.779999,48.178734,19400,402
2020-06-19,49.200001,49.580002,48.700001,48.900002,48.29726,18400,403
2020-06-22,49.09,50.049999,48.98,50.02,49.40345,97600,404
2020-06-23,50.259998,50.369999,49.860001,49.919998,49.304688,52400,405
2020-06-24,49.59,49.919998,48.720001,49.459999,48.870911,47800,406
2020-06-25,49.439999,50.139999,48.970001,50.07,49.473648,87700,407
2020-06-26,50.080002,50.299999,48.810001,48.810001,48.228653,13500,408
2020-06-29,49.060001,49.060001,48.700001,48.82,48.238533,11500,409
2020-06-30,48.68,49.57,48.669998,49.450001,48.861034,30000,410
2020-07-01,49.619999,50.25,49.619999,50.07,49.473648,16100,411
2020-07-02,50.52,50.540001,50.189999,50.310001,49.710789,18000,412
2020-07-06,50.740002,50.869999,50.400002,50.549999,49.947929,12900,413
2020-07-07,50.369999,50.970001,50.369999,50.59,49.987461,19900,414
2020-07-08,50.540001,50.889999,50.540001,50.889999,50.283882,12200,415
2020-07-09,51,51.169998,50.240002,51.049999,50.441971,16100,416
2020-07-10,50.77,50.830002,50.650002,50.82,50.214718,7100,417
2020-07-13,50.889999,51.799999,50.290001,50.349998,49.750313,14100,418
2020-07-14,50.130001,51.169998,49.98,51.169998,50.560547,31300,419
2020-07-15,51.73,51.889999,51.450001,51.740002,51.12376,23900,420
2020-07-16,51.66,51.959999,51.59,51.959999,51.341141,7900,421
2020-07-17,52.299999,52.470001,51.91,52.34,51.71661,17000,422
2020-07-20,52.52,52.720001,52.419998,52.639999,52.013035,14700,423
2020-07-21,52.869999,52.869999,52.5,52.5,51.87471,14200,424
2020-07-22,52.689999,52.77,52.5,52.599998,51.973511,25500,425
2020-07-23,52.619999,52.880001,52.150002,52.32,51.696854,11000,426
2020-07-24,52.290001,52.290001,51.779999,52.16,51.538757,8500,427
2020-07-27,52.470001,52.919998,52.220001,52.900002,52.269943,71900,428
2020-07-28,52.889999,53.049999,52.5,52.5,51.87471,44800,429
2020-07-29,52.73,53.380001,52.73,53.240002,52.605885,35800,430
2020-07-30,52.610001,53.790001,52.610001,53.75,53.109821,28800,431
2020-07-31,54.380001,55.200001,54.380001,54.959999,54.305405,56000,432
2020-08-03,55.119999,56.27,55.119999,56.200001,55.53064,44900,433
2020-08-04,56.049999,56.720001,56,56.709999,56.034557,54100,434
2020-08-05,57.099998,57.810001,57.040001,57.669998,56.983124,39800,435
2020-08-06,58.099998,58.59,57.779999,58.34,57.645153,47100,436
2020-08-07,58.380001,58.380001,57.299999,57.709999,57.022648,35300,437
2020-08-10,57.619999,57.619999,56.919998,57.400002,56.716347,27800,438
2020-08-11,57.32,57.32,55.830002,55.880001,55.214451,38200,439
2020-08-12,56.360001,57.450001,56.360001,56.900002,56.222309,66300,440
2020-08-13,57.18,57.82,57.080002,57.529999,56.844799,28700,441
2020-08-14,57.389999,57.450001,57.099998,57.25,56.568127,26200,442
2020-08-17,57.34,58.07,57.34,57.959999,57.269672,123200,443
2020-08-18,58.389999,58.389999,57.73,58.130001,57.437656,40900,444
2020-08-19,58.450001,58.450001,57.77,57.810001,57.121464,43400,445
2020-08-20,57.57,58.259998,57.509998,58.25,57.556217,22300,446
2020-08-21,57.959999,57.959999,57.43,57.669998,56.983124,26900,447
2020-08-24,57.939999,58.130001,57.619999,57.669998,56.983124,219200,448
2020-08-25,58.029999,58.23,57.669998,58.200001,57.506817,33200,449
2020-08-26,58.810001,59.139999,58.549999,59.049999,58.346687,35900,450
2020-08-27,59.040001,59.040001,58.360001,58.52,57.823006,40800,451
2020-08-28,58.82,59.09,58.560001,59.07,58.366455,50400,452
2020-08-31,58.98,59.389999,58.790001,59.099998,58.396091,35800,453
2020-09-01,59.200001,60.139999,59.200001,60.139999,59.42371,40900,454
2020-09-02,60.580002,60.880001,60.200001,60.82,60.095608,30600,455
2020-09-03,60.59,60.59,57.77,58.09,57.398129,78300,456
2020-09-04,58.290001,58.48,56.139999,57.5,56.815155,64100,457
2020-09-08,57.040001,57.240002,56.360001,56.419998,55.748009,64300,458
2020-09-09,57.029999,58.040001,57.029999,57.740002,57.052292,34100,459
2020-09-10,57.91,58.09,56.709999,56.709999,56.034557,37200,460
2020-09-11,56.84,57.130001,55.889999,56.169998,55.500988,38500,461
2020-09-14,56.650002,56.779999,56.459999,56.560001,55.886349,28200,462
2020-09-15,57.029999,57.200001,56.75,56.889999,56.212414,25000,463
2020-09-16,57.439999,57.889999,57.16,57.189999,56.508846,29000,464
2020-09-17,56.779999,56.830002,56.27,56.619999,55.945625,25600,465
2020-09-18,57.240002,57.240002,55.990002,56.43,55.757904,33300,466
2020-09-21,55.68,55.970001,55.189999,55.970001,55.303375,44800,467
2020-09-22,56.02,56.419998,55.77,56.41,55.738144,32600,468
2020-09-23,56.75,56.75,55.779999,55.82,55.181572,72700,469
2020-09-24,56.560001,57.43,56.099998,57.02,56.367851,49200,470
2020-09-25,56.990002,58.099998,56.950001,58.029999,57.366295,45100,471
2020-09-28,58.48,58.889999,58.310001,58.799999,58.127491,76100,472
2020-09-29,58.919998,59.490002,58.619999,59.32,58.641541,62200,473
2020-09-30,59.459999,60.27,59.290001,59.950001,59.264339,44800,474
2020-10-01,59.869999,60.07,59.439999,60.07,59.382957,47600,475
2020-10-02,59.400002,59.970001,59.200001,59.799999,59.116051,47000,476
2020-10-05,60.130001,60.810001,60.130001,60.759998,60.065071,125600,477
2020-10-06,60.799999,61.07,59.98,60.099998,59.412617,38000,478
2020-10-07,60.450001,60.919998,60.450001,60.799999,60.104622,60400,479
2020-10-08,61.139999,61.380001,61.009998,61.299999,60.598896,69700,480
2020-10-09,61.959999,62.23,61.709999,62.23,61.518261,56100,481
2020-10-12,62.509998,63.41,62.419998,63.25,62.526592,41900,482
2020-10-13,63.040001,63.25,62.810001,63.150002,62.427742,36900,483
2020-10-14,63.439999,63.669998,62.700001,62.84,62.121284,27400,484
2020-10-15,62.439999,63.459999,62.209999,63.369999,62.645222,31900,485
2020-10-16,63.919998,64.209999,63.740002,63.75,63.020878,56600,486
2020-10-19,63.950001,64.160004,63.200001,63.279999,62.556252,47100,487
2020-10-20,63.799999,63.82,62.939999,62.939999,62.220146,42800,488
2020-10-21,63.25,63.619999,62.5,62.610001,61.893921,36600,489
2020-10-22,62.619999,62.799999,62.099998,62.48,61.765404,19500,490
2020-10-23,62.669998,62.75,62.23,62.75,62.03231,34300,491
2020-10-26,62.240002,62.380001,61.23,61.73,61.023983,343800,492
2020-10-27,61.970001,62.720001,61.950001,62.52,61.804947,62500,493
2020-10-28,61.490002,61.869999,61.41,61.470001,60.766956,63200,494
2020-10-29,61.470001,62.169998,61.209999,61.799999,61.093178,46400,495
2020-10-30,61.68,61.869999,60,60.32,59.630104,55300,496
2020-11-02,61.009998,61.68,60.779999,61.360001,60.658215,30600,497
2020-11-03,62.209999,63.419998,61.860001,63.07,62.34866,56600,498
2020-11-04,64.620003,65.830002,63.93,65.279999,64.533371,75700,499
2020-11-05,66.260002,66.389999,65.669998,65.760002,65.007881,38800,500
2020-11-06,65.720001,65.949997,65.220001,65.800003,65.04744,46500,501
2020-11-09,67.18,67.18,62.5,62.5,61.785172,68500,502
2020-11-10,62.830002,62.830002,60.700001,61.900002,61.192036,45200,503
2020-11-11,62.700001,63.75,62.689999,63.75,63.020878,44700,504
2020-11-12,63.330002,63.849998,62.740002,63.110001,62.388199,50400,505
2020-11-13,63.630001,63.970001,63.41,63.84,63.109848,32000,506
2020-11-16,64.330002,64.330002,63.700001,64.059998,63.327332,155800,507
2020-11-17,64.370003,64.830002,63.790001,64.650002,63.910587,35400,508
2020-11-18,65.330002,65.330002,64.199997,64.209999,63.475624,39200,509
2020-11-19,64.209999,64.980003,64.209999,64.949997,64.207161,43900,510
2020-11-20,65.050003,65.629997,64.849998,65.389999,64.642128,65800,511
2020-11-23,65.669998,65.699997,65,65.5,64.750854,38300,512
2020-11-24,65.580002,65.580002,64.599998,64.639999,63.900681,28400,513
2020-11-25,64.589996,64.919998,64.019997,64.5,63.762299,35100,514
2020-11-27,65.110001,65.980003,65.07,65.980003,65.225365,48500,515
2020-11-30,66.839996,66.839996,65.599998,66.529999,65.769073,40400,516
2020-12-01,67,67,66.029999,66.440002,65.680122,34100,517
2020-12-02,65.940002,66.029999,65.25,65.260002,64.513603,40100,518
2020-12-03,65.220001,65.540001,65,65.059998,64.315903,31400,519
2020-12-04,65.160004,65.410004,65.099998,65.410004,64.661873,249900,520
2020-12-07,65.300003,65.919998,65.230003,65.599998,64.849724,29500,521
2020-12-08,65.68,66.900002,65.360001,66.889999,66.124954,36100,522
2020-12-09,67.139999,67.919998,65.82,65.980003,65.225365,33300,523
2020-12-10,65.559998,66.050003,65.449997,65.879997,65.126495,20800,524
2020-12-11,65.580002,66.650002,65.580002,66.650002,65.887703,25700,525
2020-12-14,67.160004,67.650002,66.82,66.849998,66.085419,30200,526
2020-12-15,67.169998,68.5,66.900002,68.489998,67.706657,32000,527
2020-12-16,68.580002,69.290001,68.529999,69.059998,68.270149,183700,528
2020-12-17,69.970001,70.800003,69.830002,70.709999,69.901276,157300,529
2020-12-18,70.989998,71.099998,70.43,70.82,70.01001,64900,530
2020-12-21,71.440002,71.610001,70,71.610001,70.790985,58400,531
2020-12-22,71.830002,72.389999,71.489998,72.370003,71.54229,57900,532
2020-12-23,73.610001,73.610001,71.910004,72.010002,71.224792,189500,533
2020-12-24,72.370003,72.639999,72.07,72.459999,71.669876,33800,534
2020-12-28,73.040001,73.040001,71.360001,71.550003,70.769806,64700,535
2020-12-29,72.139999,72.449997,71.07,71.449997,70.670891,43400,536
2020-12-30,71.870003,72.300003,71.860001,72,71.214897,24300,537
2020-12-31,71.959999,71.959999,71.260002,71.660004,70.878609,34500,538
2021-01-04,72.339996,72.339996,70.480003,71.139999,70.364265,88600,539
2021-01-05,71.150002,72.660004,71.010002,72.610001,71.818245,39100,540
2021-01-06,71.949997,73.129997,71.870003,72.660004,71.867699,66300,541
2021-01-07,72.720001,73.120003,72.660004,73,72.204002,43900,542
2021-01-08,73.470001,73.970001,73.110001,73.669998,72.866684,61700,543
2021-01-11,73.610001,73.68,72.809998,73.269997,72.471031,49900,544
2021-01-12,73.260002,73.400002,72.75,73.209999,72.411705,73600,545
2021-01-13,73.160004,74,73.040001,73.580002,72.777672,64600,546
2021-01-14,73.769997,74.769997,73.610001,74.610001,73.796432,62600,547
2021-01-15,74.75,74.75,72.900002,73.669998,72.866684,142500,548
2021-01-19,74.139999,74.139999,73.290001,73.75,72.945808,96900,549
2021-01-20,74.080002,74.349998,73.809998,74.059998,73.252434,102100,550
2021-01-21,74.519997,74.620003,74.080002,74.510002,73.697517,57800,551
2021-01-22,74.43,74.669998,74.019997,74.669998,73.855766,230100,552
2021-01-25,75.43,75.830002,74.589996,74.730003,73.915123,47700,553
2021-01-26,74.849998,74.919998,74.300003,74.559998,73.746971,47100,554
2021-01-27,73.970001,75.080002,72.75,73.949997,73.143646,97700,555
2021-01-28,74.400002,74.959999,73.82,73.940002,73.133751,49600,556
2021-01-29,73.559998,73.839996,71.879997,72.419998,71.630302,75000,557
2021-02-01,72.800003,73.300003,72.449997,73.18,72.382027,75300,558
2021-02-02,73.970001,74.5,73.760002,74.099998,73.291985,39400,559
2021-02-03,74.410004,74.410004,73.559998,73.900002,73.094177,42800,560
2021-02-04,74.349998,74.949997,73.800003,74.849998,74.033813,47000,561
2021-02-05,75.089996,76,75.089996,75.949997,75.121819,53000,562
2021-02-08,76.629997,77.239998,76.43,76.839996,76.002113,45500,563
2021-02-09,77.050003,77.620003,77.050003,77.440002,76.595581,51800,564
2021-02-10,77.82,77.980003,76.980003,77.379997,76.536232,47600,565
2021-02-11,77.599998,78.099998,77.400002,77.889999,77.040672,97400,566
2021-02-12,77.870003,79.620003,77.739998,79.559998,78.692459,49800,567
2021-02-16,80.580002,80.580002,78.699997,78.93,78.069321,77400,568
2021-02-17,78.599998,78.800003,77.5,78.32,77.465988,67800,569
2021-02-18,77.650002,77.669998,76.940002,77.309998,76.46698,64900,570
2021-02-19,77.370003,77.68,76.589996,76.610001,75.774643,192500,571
2021-02-22,76.110001,76.169998,74.949997,75.029999,74.211845,60900,572
2021-02-23,73.839996,74.459999,72.110001,74.389999,73.578819,74700,573
2021-02-24,74.650002,75.540001,74.57,75.190002,74.37011,53800,574
2021-02-25,74.730003,75.419998,73.110001,73.400002,72.599625,85900,575
2021-02-26,73.870003,74.150002,72.589996,73.209999,72.411705,61600,576
2021-03-01,73.940002,74.769997,73.760002,74.459999,73.648079,38600,577
2021-03-02,74.480003,74.669998,73.029999,73.050003,72.253448,35500,578
2021-03-03,73.220001,73.220001,70.629997,70.639999,69.869736,92700,579
2021-03-04,70.470001,70.470001,67.620003,68.349998,67.604698,117200,580
2021-03-05,68.779999,68.949997,66.639999,68.910004,68.1586,97400,581
2021-03-08,68.940002,69.639999,68.07,68.07,67.327744,87900,582
2021-03-09,69.519997,70.599998,69.519997,69.93,69.167465,50700,583
2021-03-10,70.75,71.089996,70.419998,70.620003,69.849953,58600,584
2021-03-11,71.110001,72.400002,71.110001,72.379997,71.590752,25500,585
2021-03-12,72.230003,72.290001,71.290001,72.290001,71.50174,37300,586
2021-03-15,72.389999,72.849998,72.349998,72.849998,72.055634,27400,587
2021-03-16,73.029999,73.349998,72.120003,72.459999,71.669876,26300,588
2021-03-17,72.120003,72.809998,71.669998,72.559998,71.768791,29300,589
2021-03-18,72.120003,72.269997,70.110001,70.220001,69.454308,31700,590
2021-03-19,70.830002,71.110001,70.220001,70.989998,70.215897,22200,591
2021-03-22,71.330002,71.75,71,71.550003,70.769806,13700,592
2021-03-23,71.68,71.760002,70.870003,71.059998,70.309715,28200,593
2021-03-24,71.029999,71.029999,69.230003,69.230003,68.499016,27800,594
2021-03-25,69.220001,70.169998,69.120003,70.059998,69.320259,49200,595
2021-03-26,70.599998,70.870003,70.010002,70.839996,70.092026,25400,596
2021-03-29,71.120003,71.440002,70.440002,70.93,70.181091,17500,597
2021-03-30,70.669998,71.040001,70.190002,70.809998,70.062347,22700,598
2021-03-31,72.199997,73.099998,72.129997,72.339996,71.576195,97400,599
2021-04-01,73.040001,73.040001,72.260002,72.449997,71.685028,48200,600
2021-04-05,73.169998,73.169998,72.300003,72.75,71.981865,52800,601
2021-04-06,72.610001,73.419998,72.610001,72.860001,72.090714,32600,602
2021-04-07,72.82,72.82,71.959999,72.089996,71.328835,29500,603
2021-04-08,72.470001,72.949997,72.470001,72.93,72.159973,21400,604
2021-04-09,72.900002,73.709999,72.75,73.639999,72.86248,35500,605
2021-04-12,73.309998,74.080002,73.260002,73.940002,73.159309,21000,606
2021-04-13,73.970001,74.830002,73.970001,74.800003,74.010223,19300,607
2021-04-14,75.019997,75.239998,74.5,74.529999,73.74308,42200,608
2021-04-15,75.169998,75.699997,74.949997,75.599998,74.801773,30300,609
2021-04-16,76.57,76.57,75.690002,76.360001,75.553757,33000,610
2021-04-19,76.400002,76.480003,75.690002,75.980003,75.17775,36800,611
2021-04-20,76.010002,76.440002,75.349998,75.68,74.880928,29100,612
2021-04-21,75.529999,76.959999,75.529999,76.959999,76.147415,31500,613
2021-04-22,77.059998,77.669998,76.709999,76.809998,75.999001,37700,614
2021-04-23,76.849998,77.540001,76.709999,77.459999,76.642136,98700,615
2021-04-26,77.519997,78,77.269997,77.879997,77.057701,41000,616
2021-04-27,78.050003,78.160004,77.790001,78.010002,77.18634,39100,617
2021-04-28,77.809998,78.029999,77.300003,77.809998,76.988449,24100,618
2021-04-29,77.959999,77.989998,77.379997,77.910004,77.087379,30400,619
2021-04-30,78,78.150002,77.230003,77.540001,76.721298,21500,620
2021-05-03,78.18,78.709999,77.839996,78.5,77.671158,39100,621
2021-05-04,77.970001,77.970001,76.610001,77.129997,76.315613,35000,622
2021-05-05,77.57,77.610001,76.860001,77.209999,76.394775,22900,623
2021-05-06,76.769997,77.669998,75.849998,76.690002,75.880272,39100,624
2021-05-07,77.18,78.129997,76.839996,77.610001,76.790558,95900,625
2021-05-10,77.580002,77.580002,75.940002,75.959999,75.157967,35500,626
2021-05-11,74.68,75.879997,74.410004,75.730003,74.930405,36200,627
2021-05-12,75.239998,75.239998,73.529999,73.580002,72.803108,37600,628
2021-05-13,73.599998,74.25,73.25,73.849998,73.070259,46200,629
2021-05-14,74.32,75.300003,74.32,75.239998,74.445572,25700,630
2021-05-17,75.07,75.389999,74.870003,75.389999,74.593987,16500,631
2021-05-18,75.690002,76.099998,75.489998,75.489998,74.692932,13000,632
2021-05-19,74.75,75.470001,74.470001,75.459999,74.663246,17200,633
2021-05-20,75.839996,76.68,75.839996,76.589996,75.781311,19000,634
2021-05-21,76.830002,76.919998,76.279999,76.389999,75.583443,28000,635
2021-05-24,76.400002,77.489998,76.400002,77.139999,76.325516,20500,636
2021-05-25,77.540001,77.559998,77.139999,77.5,76.681717,18500,637
2021-05-26,77.739998,78.459999,77.739998,78.419998,77.591988,20800,638
2021-05-27,78.559998,78.559998,77.949997,77.980003,77.156654,20500,639
2021-05-28,77.989998,78.480003,77.739998,77.739998,76.919182,54400,640
2021-06-01,78.220001,78.220001,77.019997,77.019997,76.206779,19600,641
2021-06-02,77.07,77.650002,76.769997,77.610001,76.790558,12400,642
2021-06-03,77.029999,77.309998,76.510002,77.050003,76.236473,18600,643
2021-06-04,77.510002,77.769997,77.370003,77.519997,76.701508,11100,644
2021-06-07,77.610001,78.389999,77.589996,78.370003,77.542534,33300,645
2021-06-08,78.959999,79.010002,78.269997,78.75,77.918526,17000,646
2021-06-09,78.949997,79.25,78.610001,78.629997,77.799782,17100,647
2021-06-10,78.75,79.440002,78.610001,79.25,78.413231,25800,648
2021-06-11,79.400002,79.519997,78.580002,79.110001,78.274712,198200,649
2021-06-14,79.220001,80.029999,79.150002,80.029999,79.184998,18200,650
2021-06-15,80.209999,80.209999,79.650002,79.849998,79.006905,16700,651
2021-06-16,79.900002,80.150002,79.300003,79.580002,78.739754,21600,652
2021-06-17,79.839996,80.300003,79.510002,80.150002,79.303734,34600,653
2021-06-18,79.510002,79.889999,79.010002,79.199997,78.363754,41500,654
2021-06-21,79.550003,80,78.940002,79.830002,78.987114,17100,655
2021-06-22,79.900002,79.989998,79.449997,79.849998,79.062363,11000,656
2021-06-23,79.879997,80.080002,79.709999,79.93,79.141563,21700,657
2021-06-24,80.339996,80.529999,80.019997,80.43,79.63665,15300,658
2021-06-25,80.629997,81.260002,80.629997,81.010002,80.210922,41700,659
2021-06-28,81.330002,81.68,81.110001,81.669998,80.86441,30000,660
2021-06-29,81.800003,82,81.260002,81.620003,80.814911,20900,661
2021-06-30,81.540001,81.540001,81,81.050003,80.250519,15600,662
2021-07-01,81.129997,81.389999,80.889999,81.32,80.51786,17400,663
2021-07-02,81.75,81.75,81.099998,81.519997,80.715889,18700,664
2021-07-06,81.699997,82.309998,81.510002,82.309998,81.4981,15700,665
2021-07-07,82.510002,82.68,81.760002,82.400002,81.587212,19500,666
2021-07-08,81.169998,81.589996,80.599998,81.540001,80.735703,17100,667
2021-07-09,81.760002,82.620003,81.599998,82.620003,81.805046,15000,668
2021-07-12,82.690002,82.989998,82.300003,82.610001,81.795143,34600,669
2021-07-13,82.43,82.949997,82.300003,82.300003,81.488182,32800,670
2021-07-14,82.68,82.68,81.349998,81.43,80.626785,14700,671
2021-07-15,81.25,81.43,80.040001,80.699997,79.903969,26100,672
2021-07-16,81.010002,81.089996,80.5,80.660004,79.86438,19100,673
2021-07-19,80.120003,81,79.730003,80.93,80.131706,28400,674
2021-07-20,80.980003,81.879997,80.809998,81.629997,80.824806,30700,675
2021-07-21,81.769997,81.989998,81.510002,81.900002,81.09214,12800,676
2021-07-22,82.389999,82.57,82.050003,82.550003,81.735741,21100,677
2021-07-23,82.889999,83.68,82.589996,83.669998,82.844688,12500,678
2021-07-26,83.559998,83.860001,83.040001,83.290001,82.46843,22200,679
2021-07-27,83.349998,83.349998,82.5,83.129997,82.31002,13900,680
2021-07-28,83.309998,84.199997,83.220001,84.080002,83.250633,56500,681
2021-07-29,84.110001,84.169998,83.529999,83.529999,82.706078,34500,682
2021-07-30,83.32,83.330002,82.480003,82.540001,81.725822,47600,683
2021-08-02,82.919998,82.949997,82.279999,82.660004,81.84465,24700,684
2021-08-03,83.209999,83.209999,82.669998,83.120003,82.30011,25800,685
2021-08-04,83.129997,83.410004,83.040001,83.059998,82.240685,15600,686
2021-08-05,83.059998,83.080002,82.68,83.080002,82.260506,32300,687
2021-08-06,83.089996,83.089996,81.459999,81.529999,80.7258,33200,688
2021-08-09,81.519997,82,81.400002,81.919998,81.111946,16100,689
2021-08-10,81.790001,81.910004,81.120003,81.139999,80.33963,18000,690
2021-08-11,81.290001,81.410004,80.860001,81.18,80.379242,13600,691
2021-08-12,81.099998,81.690002,81.099998,81.559998,80.755493,15700,692
2021-08-13,82.660004,82.93,82.440002,82.510002,81.696129,14800,693
2021-08-16,82.669998,82.669998,81.910004,82.300003,81.488182,17700,694
2021-08-17,82.040001,82.120003,81.699997,82.040001,81.230774,14500,695
2021-08-18,82.129997,82.309998,81.400002,81.43,80.626785,162300,696
2021-08-19,80.940002,81.970001,80.940002,81.43,80.626785,27100,697
2021-08-20,81.760002,82.07,81.489998,82,81.191162,14200,698
2021-08-23,82.459999,82.75,82.330002,82.629997,81.814934,15900,699
2021-08-24,82.730003,82.959999,82.459999,82.919998,82.102081,19800,700
2021-08-25,83.019997,83.019997,82.580002,82.849998,82.032761,14400,701
2021-08-26,82.860001,82.900002,81.879997,81.919998,81.111946,44900,702
2021-08-27,82.059998,82.739998,81.940002,82.309998,81.4981,23500,703
2021-08-30,82.349998,82.959999,82.349998,82.760002,81.943657,50100,704
2021-08-31,83.059998,83.059998,82.120003,82.389999,81.577309,36500,705
2021-09-01,82.519997,82.830002,82.07,82.529999,81.715935,34700,706
2021-09-02,82.370003,82.730003,82.25,82.720001,81.904053,19700,707
2021-09-03,82.220001,82.260002,82.010002,82.019997,81.210953,17900,708
2021-09-07,81.440002,81.440002,80.620003,80.779999,79.983192,67000,709
2021-09-08,80.860001,81.199997,80.5,81.139999,80.33963,60600,710
2021-09-09,81.269997,81.599998,81.230003,81.309998,80.507957,55400,711
2021-09-10,81.519997,81.790001,81.169998,81.260002,80.45845,28700,712
2021-09-13,82.010002,82.010002,80.339996,80.459999,79.666359,22600,713
2021-09-14,80.849998,81.080002,80.370003,80.480003,79.686157,18500,714
2021-09-15,80.480003,80.5,80,80.349998,79.557442,25400,715
2021-09-16,80.43,81.169998,80.199997,81.029999,80.230721,13000,716
2021-09-17,81.309998,81.489998,81.029999,81.339996,80.537651,61200,717
2021-09-20,79.900002,80.68,79.739998,80.470001,79.676247,21200,718
2021-09-21,81.25,81.550003,80.879997,81.389999,80.587166,24300,719
2021-09-22,81.709999,82.099998,81.650002,81.68,80.889229,10300,720
2021-09-23,82.43,82.760002,82.32,82.529999,81.730995,23900,721
2021-09-24,81.779999,81.800003,81.18,81.300003,80.512909,27300,722
2021-09-27,81.110001,81.110001,79.959999,80.209999,79.433449,64400,723
2021-09-28,79.160004,79.279999,77.800003,78.099998,77.343864,50300,724
2021-09-29,78.370003,78.599998,78,78,77.24485,72100,725
2021-09-30,78.589996,78.629997,77.690002,77.730003,76.97747,22400,726
2021-10-01,78.379997,78.620003,77.360001,78.419998,77.660782,32100,727
2021-10-04,78.400002,78.400002,76.889999,77.519997,76.769485,33000,728
2021-10-05,77.839996,78.389999,77.709999,77.709999,76.957649,35000,729
2021-10-06,77.129997,77.949997,76.889999,77.949997,77.195335,20300,730
2021-10-07,77.730003,78.690002,77.730003,78.099998,77.343864,24600,731
2021-10-08,78.300003,78.300003,77.349998,77.349998,76.601143,31300,732
2021-10-11,77,77.400002,76.389999,76.400002,75.660339,71900,733
2021-10-12,76.949997,77.059998,76.550003,76.870003,76.125778,28600,734
2021-10-13,77.550003,78.220001,77.529999,78.220001,77.462715,18300,735
2021-10-14,78.730003,79.470001,78.730003,79.089996,78.324295,17200,736
2021-10-15,79.480003,79.760002,79.300003,79.419998,78.651093,33300,737
2021-10-18,79.059998,79.769997,79.059998,79.68,78.908577,26300,738
2021-10-19,80.080002,80.5,79.839996,80.360001,79.582008,33500,739
2021-10-20,80.639999,81,80.629997,80.870003,80.087059,13600,740
2021-10-21,81.07,81.489998,81.040001,81.400002,80.611938,25500,741
2021-10-22,81.400002,81.699997,81.160004,81.389999,80.60202,31500,742
2021-10-25,81.470001,82.230003,81.160004,82.089996,81.29525,20100,743
2021-10-26,82.5,82.720001,82.260002,82.57,81.770615,32800,744
2021-10-27,82.470001,82.580002,81.360001,81.43,80.641632,40500,745
2021-10-28,81.629997,83.400002,81.629997,83.360001,82.552956,57100,746
2021-10-29,82.940002,83.93,82.940002,83.809998,82.998596,21400,747
2021-11-01,83.809998,84.089996,83.690002,83.940002,83.127342,44900,748
2021-11-02,83.870003,83.870003,82.690002,82.779999,81.978577,46900,749
2021-11-03,82.779999,83,82.110001,82.989998,82.186523,44700,750
2021-11-04,83.169998,84.239998,82.970001,84.209999,83.394722,31700,751
2021-11-05,83.760002,83.910004,83.220001,83.519997,82.711411,34500,752
2021-11-08,83.720001,83.879997,83.230003,83.699997,82.889656,29600,753
2021-11-09,82.800003,83.339996,82.290001,82.510002,81.711182,39000,754
2021-11-10,82.059998,82.510002,80.760002,80.919998,80.136581,63800,755
2021-11-11,81.889999,81.889999,80.629997,80.669998,79.888985,21100,756
2021-11-12,81.019997,82.129997,80.970001,82.129997,81.334854,26900,757
2021-11-15,82.339996,82.339996,81.57,81.610001,80.819901,21400,758
2021-11-16,81.519997,82.839996,81.5,82.720001,81.919159,28900,759
2021-11-17,82.669998,82.669998,81.75,81.860001,81.067474,26300,760
2021-11-18,81.860001,81.860001,80.93,81.07,80.285118,40700,761
2021-11-19,81.239998,81.650002,80.879997,80.989998,80.205902,34100,762
2021-11-22,80.919998,80.919998,79.370003,79.400002,78.631294,86600,763
2021-11-23,79.160004,79.160004,77.940002,78.470001,77.710297,36000,764
2021-11-24,77.800003,78.230003,77.309998,78.230003,77.472626,22900,765
2021-11-26,77.68,78.169998,77.139999,77.290001,76.541725,30800,766
2021-11-29,77.809998,77.860001,76.889999,77.360001,76.611046,22000,767
2021-11-30,77.209999,77.559998,75.809998,76.239998,75.501892,33800,768
2021-12-01,75.5,76.760002,74.510002,74.610001,73.887672,67400,769
2021-12-02,74.800003,75.529999,74.519997,75.349998,74.620499,35300,770
2021-12-03,75.57,75.57,73.440002,74.169998,73.451927,27200,771
2021-12-06,74.260002,74.550003,73.720001,74.510002,73.788628,23600,772
2021-12-07,75.169998,77.440002,75.169998,77.220001,76.472397,47500,773
2021-12-08,77.459999,77.949997,77.050003,77.800003,77.046791,31300,774
2021-12-09,77.800003,78.019997,76.730003,76.730003,75.987144,9800,775
2021-12-10,76.400002,76.889999,75.919998,76.160004,75.422668,19700,776
2021-12-13,76.110001,76.230003,75.489998,75.82,75.085953,34100,777
2021-12-14,75.230003,75.330002,74.25,74.75,74.026314,34800,778
2021-12-15,74.660004,75.5,74.129997,75.470001,74.739342,17800,779
2021-12-16,75.75,76.169998,74.699997,75.150002,74.422432,37800,780
2021-12-17,74.699997,75.93,73.989998,75.730003,74.996826,66700,781
2021-12-20,74.919998,75.480003,74.720001,75.470001,74.739342,23500,782
2021-12-21,75.510002,76.440002,75.510002,76.419998,75.680138,18400,783
2021-12-22,76.529999,77.489998,76.529999,77.489998,76.739792,29500,784
2021-12-23,77.080002,78.029999,77.080002,77.830002,77.076492,19100,785
2021-12-27,78.059998,78.769997,78.059998,78.769997,78.007393,29700,786
2021-12-28,78.910004,79.190002,78.379997,78.43,77.670685,28200,787
2021-12-29,78.599998,78.690002,78.370003,78.580002,77.819244,44100,788
2021-12-30,78.730003,79.559998,78.620003,79.160004,78.393631,22200,789
2021-12-31,79.040001,79.440002,79.010002,79.010002,78.245071,9300,790
2022-01-03,79.18,79.18,77.839996,78.199997,77.442909,33200,791
2022-01-04,77.400002,77.400002,74.870003,75.449997,74.719528,50300,792
2022-01-05,75.309998,75.43,73.419998,73.419998,72.709183,49000,793
2022-01-06,72.989998,73.68,72.470001,72.639999,71.936745,38000,794
2022-01-07,72.440002,72.440002,71.199997,71.279999,70.58992,77600,795
2022-01-10,70.059998,70.889999,69.080002,70.830002,70.144257,47200,796
2022-01-11,70.720001,71.93,70.610001,71.910004,71.213814,62300,797
2022-01-12,72.400002,72.629997,71.68,71.809998,71.114769,20700,798
2022-01-13,71.540001,71.660004,69.660004,69.720001,69.045013,29700,799
2022-01-14,68.910004,69.209999,67.970001,68.870003,68.203239,30800,800
2022-01-18,67.980003,68,67.190002,67.330002,66.678154,44000,801
2022-01-19,67.470001,68.279999,67.010002,67.150002,66.499886,83000,802
2022-01-20,67.550003,68.690002,66.769997,66.790001,66.143372,39200,803
2022-01-21,66.699997,67.089996,65.870003,66.110001,65.469955,105700,804
2022-01-24,64.699997,66.519997,63.560001,66.489998,65.846283,64600,805
2022-01-25,65.559998,66.040001,64.870003,65.089996,64.459839,77600,806
2022-01-26,66.150002,66.510002,64.220001,64.779999,64.152832,25000,807
2022-01-27,65.370003,65.800003,64.510002,64.510002,63.885445,24200,808
2022-01-28,64.489998,65.980003,63.779999,65.970001,65.331322,22300,809
2022-01-31,65.800003,68.129997,65.800003,68.040001,67.381279,59200,810
2022-02-01,68.629997,68.639999,67.580002,68.639999,67.975471,68100,811
2022-02-02,68.989998,69.459999,67.940002,68.25,67.589249,18100,812
2022-02-03,67.25,67.769997,66.870003,66.879997,66.232506,25500,813
2022-02-04,66.730003,67.480003,66.209999,67.18,66.52961,28400,814
2022-02-07,67.07,67.360001,66.370003,66.470001,65.826469,22400,815
2022-02-08,66.150002,67.169998,66.050003,66.980003,66.331551,19400,816
2022-02-09,68,68.470001,68,68.330002,67.668472,14500,817
2022-02-10,66.879997,68.5,66.879997,67.260002,66.608833,13000,818
2022-02-11,67.910004,67.910004,66.209999,66.57,65.925507,39100,819
2022-02-14,66.349998,66.540001,65.559998,66.010002,65.370934,40300,820
2022-02-15,67.330002,67.910004,66.760002,67.650002,66.995056,29100,821
2022-02-16,67.589996,67.589996,66.449997,67.25,66.59893,24500,822
2022-02-17,66.540001,66.720001,64.93,64.93,64.301384,18700,823
2022-02-18,64.169998,64.389999,63.459999,63.639999,63.023876,51700,824
2022-02-22,63.23,64.199997,62.860001,62.939999,62.33065,22500,825
2022-02-23,63.48,63.48,61.889999,61.900002,61.30072,19300,826
2022-02-24,60.240002,63.43,60.060001,63.330002,62.716885,91300,827
2022-02-25,63.66,65.209999,63.57,65.209999,64.578682,61800,828
2022-02-28,64.370003,66.139999,64.370003,65.849998,65.212479,19200,829
2022-03-01,65.839996,66.879997,65.790001,66.110001,65.469955,18600,830
2022-03-02,67,67,66.440002,66.900002,66.252319,15600,831
2022-03-03,67.269997,67.269997,65.779999,66.080002,65.440254,8300,832
2022-03-04,65.150002,65.489998,64.760002,65.129997,64.499451,17500,833
2022-03-07,64.949997,65.059998,63.25,63.360001,62.746582,37100,834
2022-03-08,63.5,64.699997,62.369999,63.43,62.81591,17000,835
2022-03-09,64.470001,65.809998,64.470001,65.279999,64.648003,14700,836
2022-03-10,64.540001,64.540001,63.799999,64.290001,63.66758,8800,837
2022-03-11,64.57,64.57,62.740002,62.889999,62.281136,7900,838
2022-03-14,63.189999,63.540001,61.740002,61.84,61.241302,69300,839
2022-03-15,62.189999,62.98,62.189999,62.93,62.320747,9500,840
2022-03-16,63.509998,65.300003,63.5,65.269997,64.638084,133400,841
2022-03-17,64.739998,66.43,64.739998,66.389999,65.747238,15500,842
2022-03-18,66.099998,67.910004,66.099998,67.889999,67.232735,28200,843
2022-03-21,67.510002,67.919998,66.169998,66.470001,65.826469,11000,844
2022-03-22,66.580002,68,66.580002,67.900002,67.242638,5200,845
2022-03-23,67.110001,67.769997,66.459999,66.459999,65.854401,16900,846
2022-03-24,66.449997,66.779999,65.949997,66.779999,66.171478,12300,847
2022-03-25,66.830002,66.830002,65.870003,66.370003,65.765228,8400,848
2022-03-28,66.169998,66.860001,65.980003,66.860001,66.250748,6500,849
2022-03-29,67.82,68.830002,67.790001,68.669998,68.044258,7200,850
2022-03-30,67.779999,68.129997,67.010002,67.160004,66.548012,19900,851
2022-03-31,67.32,67.449997,66.470001,66.559998,65.953476,15800,852
2022-04-01,66.769997,67.540001,66.629997,67.489998,66.875008,6600,853
2022-04-04,67.779999,68.510002,67.68,68.220001,67.598358,12300,854
2022-04-05,68.419998,68.57,67.889999,68.010002,67.390266,9600,855
2022-04-06,67.099998,67.099998,66.120003,66.879997,66.270569,12600,856
2022-04-07,66.669998,67.980003,66.669998,67.709999,67.093002,19100,857
2022-04-08,67.139999,67.690002,66.989998,67.279999,66.666924,8600,858
2022-04-11,66.989998,67.099998,66.230003,66.290001,65.685959,7300,859
2022-04-12,66.779999,67.040001,65.669998,65.849998,65.249962,10000,860
2022-04-13,65.93,66.699997,65.860001,66.639999,66.032753,15100,861
2022-04-14,66.300003,66.419998,65.510002,65.620003,65.022049,7900,862
2022-04-18,65.349998,65.620003,64.419998,64.699997,64.110428,33900,863
2022-04-19,64.839996,66.629997,64.769997,66.18,65.57695,12300,864
2022-04-20,66.43,66.599998,65.970001,66.160004,65.557129,11600,865
2022-04-21,66.300003,66.639999,64.510002,64.510002,63.922161,9300,866
2022-04-22,64.260002,64.309998,62.950001,62.950001,62.376377,10500,867
2022-04-25,62.400002,63.490002,62.389999,63.330002,62.752926,7300,868
2022-04-26,62.639999,62.709999,60.779999,60.779999,60.226151,16300,869
2022-04-27,60.869999,61.32,60.290001,60.599998,60.047794,14500,870
2022-04-28,60.240002,61.650002,60.240002,61.459999,60.899956,7100,871
2022-04-29,60.639999,61.650002,59.299999,59.299999,58.75964,11600,872
2022-05-02,59.060001,59.610001,58.279999,59.34,58.799278,21400,873
2022-05-03,58.650002,59.139999,58.380001,58.740002,58.204742,10500,874
2022-05-04,57.59,59.200001,57.25,59.200001,58.660553,19600,875
2022-05-05,58.279999,58.279999,55.720001,56.220001,55.70771,17700,876
2022-05-06,55.470001,55.470001,54.119999,54.869999,54.370007,16700,877
2022-05-09,53.91,53.91,52.540001,52.709999,52.229683,26600,878
2022-05-10,53.470001,53.599998,51.900002,52.860001,52.378323,36700,879
2022-05-11,52.689999,53.470001,51.580002,51.580002,51.109985,11200,880
2022-05-12,50.93,52.75,50.709999,52.360001,51.882881,24500,881
2022-05-13,53.16,54.330002,53.16,54.310001,53.815109,19800,882
2022-05-16,54.009998,54.540001,53.939999,54.27,53.775471,22800,883
2022-05-17,55.189999,55.779999,54.689999,55.709999,55.202351,21900,884
2022-05-18,54.970001,54.970001,52.75,53.040001,52.556683,33200,885
2022-05-19,52.830002,54.490002,52.82,53.810001,53.319668,37800,886
2022-05-20,54.450001,54.630001,52.810001,53.779999,53.28994,32900,887
2022-05-23,54.389999,54.389999,53.599998,53.759998,53.270119,7600,888
2022-05-24,53.580002,53.630001,52.66,53.349998,52.863857,20600,889
2022-05-25,53.349998,54.52,53.349998,54.27,53.775471,10500,890
2022-05-26,54.610001,55.639999,54.610001,55.560001,55.053722,8600,891
2022-05-27,56.040001,57.290001,56.040001,57.290001,56.767952,7400,892
2022-05-31,57.049999,57.07,56.540001,56.82,56.302238,6600,893
2022-06-01,56.889999,56.889999,55,55.400002,54.89518,20900,894
2022-06-02,55.779999,57.169998,55.610001,57.169998,56.649052,11700,895
2022-06-03,56.369999,56.740002,56.080002,56.080002,55.568985,7200,896
2022-06-06,56.59,56.59,55.790001,56.060001,55.549168,8100,897
2022-06-07,55.330002,56.630001,55.330002,56.529999,56.014881,54900,898
2022-06-08,56.16,56.66,55.880001,55.880001,55.3708,7100,899
2022-06-09,55.82,55.82,54.419998,54.419998,53.924103,33800,900
2022-06-10,53.150002,53.389999,52.59,52.700001,52.21978,25300,901
2022-06-13,51.060001,51.509998,50.389999,50.709999,50.247913,25500,902
2022-06-14,50.799999,50.799999,49.720001,49.959999,49.504749,14300,903
2022-06-15,50.599998,51.130001,50.189999,50.889999,50.426277,27600,904
2022-06-16,49.759998,50.07,49.400002,49.98,49.524567,19700,905
2022-06-17,50.18,50.869999,50.18,50.369999,49.911011,13800,906
2022-06-21,50.91,51.639999,50.91,51.23,50.763176,24500,907
2022-06-22,50.740002,51.939999,50.740002,51.580002,51.156925,14900,908
2022-06-23,51.650002,53.310001,51.650002,53.200001,52.76363,43500,909
2022-06-24,53.950001,54.869999,53.950001,54.869999,54.419933,21300,910
2022-06-27,54.950001,54.950001,54.5,54.529999,54.082718,9400,911
2022-06-28,54.669998,54.740002,53.09,53.09,52.654537,3800,912
2022-06-29,53.25,53.549999,52.75,53.400002,52.961994,6500,913
2022-06-30,52.599998,53.25,52.040001,52.810001,52.376831,11900,914
2022-07-01,52.799999,53.73,52.709999,53.73,53.289288,5400,915
2022-07-05,52.880001,54.34,52.84,54.34,53.894279,7300,916
2022-07-06,54.450001,54.950001,54.43,54.599998,54.152153,8700,917
2022-07-07,54.560001,55.349998,54.560001,55.349998,54.895996,12700,918
2022-07-08,55.07,55.77,54.689999,55.130001,54.677807,5000,919
2022-07-11,54.59,54.59,53.959999,54,53.557072,11000,920
2022-07-12,53.900002,53.900002,53.099998,53.27,52.833057,8200,921
2022-07-13,52.34,53.380001,52.119999,52.889999,52.456173,4400,922
2022-07-14,52.139999,52.540001,51.860001,52.470001,52.039619,14200,923
2022-07-15,52.740002,53.200001,52.599998,53.150002,52.714043,5900,924
2022-07-18,53.360001,53.990002,53.09,53.09,52.654537,3400,925
2022-07-19,53.799999,54.349998,53.689999,54.349998,53.904194,4500,926
2022-07-20,53.880001,54.630001,53.880001,54.259998,53.814934,54600,927
2022-07-21,53.970001,54.860001,53.970001,54.860001,54.410019,7300,928
2022-07-22,55.189999,55.73,54.169998,54.43,53.983543,9000,929
2022-07-25,54.439999,54.439999,53.75,54,53.557072,6000,930
2022-07-26,53.439999,53.529999,53.119999,53.330002,52.892567,7200,931
2022-07-27,53.580002,54.099998,53.25,54.099998,53.65625,7600,932
2022-07-28,54.07,54.759998,53.48,54.759998,54.310837,2400,933
2022-07-29,54.709999,54.830002,54.439999,54.779999,54.330673,5000,934
2022-08-01,54.630001,55.279999,54.630001,54.91,54.459606,11200,935
2022-08-02,54.310001,55.119999,54.310001,54.560001,54.112476,7800,936
2022-08-03,55.009998,55.459999,54.860001,55.34,54.886082,9500,937
2022-08-04,55.5,55.5,55.240002,55.360001,54.905918,8900,938
2022-08-05,54.439999,55.32,54.380001,55.32,54.866245,7400,939
2022-08-08,55.360001,56.869999,55.360001,56.139999,55.679516,7700,940
2022-08-09,55.130001,55.189999,54.419998,54.509998,54.062881,8800,941
2022-08-10,55.799999,56.080002,55.59,55.98,55.520836,6900,942
2022-08-11,56.400002,57.099998,56.060001,56.060001,55.600174,10900,943
2022-08-12,56.060001,56.509998,55.950001,56.470001,56.006817,11400,944
2022-08-15,56.27,56.349998,56.009998,56.34,55.87788,4400,945
2022-08-16,55.860001,56.259998,55.240002,56.189999,55.729111,49300,946
2022-08-17,56.080002,56.080002,55.360001,55.52,55.064602,4600,947
2022-08-18,55.209999,55.560001,54.889999,55.02,54.568707,54300,948
2022-08-19,54.509998,54.509998,53.970001,53.990002,53.54715,8200,949
2022-08-22,53.369999,53.380001,52.259998,52.380001,51.950359,7300,950
2022-08-23,52.299999,52.48,52.200001,52.299999,51.871014,4300,951
2022-08-24,52.34,52.549999,52.139999,52.360001,51.930523,7600,952
2022-08-25,52.560001,53.009998,52.299999,53.009998,52.575184,6500,953
2022-08-26,53.029999,53.029999,51.029999,51.040001,50.621353,36000,954
2022-08-29,50.84,51,50,50.810001,50.393242,32700,955
2022-08-30,51.240002,51.32,50.52,50.599998,50.184959,13000,956
2022-08-31,50.66,50.77,50,50.040001,49.629551,7700,957
2022-09-01,49.509998,49.759998,48.799999,49.709999,49.302258,54900,958
2022-09-02,49.669998,50.119999,49.049999,49.049999,48.647671,11000,959
2022-09-06,48.919998,48.919998,48.310001,48.459999,48.062511,6700,960
2022-09-07,48.619999,49.25,48.360001,49.25,48.846035,5500,961
2022-09-08,48.439999,49.369999,48.439999,49.299999,48.895622,4100,962
2022-09-09,49.32,50.639999,49.32,50.509998,50.095695,9600,963
2022-09-12,50.73,51.27,50.73,51.240002,50.819714,5600,964
2022-09-13,49.91,49.939999,49.130001,49.16,48.756771,9200,965
2022-09-14,48.919998,49.23,48.880001,49.110001,48.707184,8300,966
2022-09-15,48.650002,49.060001,48.560001,48.650002,48.250957,5000,967
2022-09-16,47.759998,47.889999,47.369999,47.740002,47.348423,12800,968
2022-09-19,47.34,47.669998,47.080002,47.59,47.199646,24600,969
2022-09-20,47.040001,47.040001,46.330002,46.389999,46.009495,8500,970
2022-09-21,46.52,47.189999,45.950001,45.950001,45.63015,11100,971
2022-09-22,45.720001,45.740002,45.169998,45.650002,45.332237,12000,972
2022-09-23,45.009998,45.240002,44.630001,45.139999,44.825787,11000,973
2022-09-26,44.93,45.82,44.599998,44.779999,44.468296,32500,974
2022-09-27,45.16,45.43,44.290001,44.48,44.170387,10600,975
2022-09-28,44.77,45.689999,44.66,45.599998,45.282585,8000,976
2022-09-29,44.889999,44.889999,44.330002,44.52,44.210106,46900,977
2022-09-30,44.599998,45.34,44.209999,44.209999,43.90226,6200,978
2022-10-03,44,45.509998,44,45.220001,44.905235,8100,979
2022-10-04,46,46.389999,45.93,46.369999,46.047222,13000,980
2022-10-05,45.700001,46.439999,45.41,46.299999,45.977711,3500,981
2022-10-06,46.049999,46.41,45.919998,46.02,45.699665,5100,982
2022-10-07,45.529999,45.529999,44.639999,44.869999,44.557663,33500,983
2022-10-10,45.080002,45.080002,44.080002,44.349998,44.041286,54900,984
2022-10-11,44.23,44.93,43.799999,44.349998,44.041286,12000,985
2022-10-12,44.419998,44.52,44.25,44.349998,44.041286,6900,986
2022-10-13,43.540001,45.470001,43.470001,45.220001,44.905235,16500,987
2022-10-14,45.779999,46.02,44.439999,44.5,44.190243,7800,988
2022-10-17,45.360001,46.07,45.360001,45.84,45.52092,5400,989
2022-10-18,46.599998,47,46.009998,46.169998,45.848618,13200,990
2022-10-19,45.52,45.52,44.360001,44.639999,44.329269,7300,991
2022-10-20,44.549999,45,44.07,44.099998,43.79303,13700,992
2022-10-21,44.139999,45.099998,43.889999,45.099998,44.78606,10800,993
2022-10-24,45.169998,45.560001,45,45.560001,45.242863,6200,994
2022-10-25,45.779999,47.220001,45.560001,47.07,46.742352,25300,995
2022-10-26,47.5,48.32,47.5,47.57,47.238873,5000,996
2022-10-27,47.849998,47.849998,47.119999,47.279999,46.950893,24400,997
2022-10-28,47.029999,47.869999,46.849998,47.869999,47.536785,23100,998
2022-10-31,47.630001,47.73,47.299999,47.389999,47.060123,6700,999
2022-11-01,48.119999,48.5,47.759998,47.970001,47.636089,6100,1000
2022-11-02,47.84,48.330002,46.790001,46.790001,46.464302,4100,1001
2022-11-03,45.450001,46.07,45.240002,45.830002,45.510986,12700,1002
2022-11-04,46.360001,46.360001,45.59,46.349998,46.027367,23700,1003
2022-11-07,46.650002,47.240002,46.470001,47.07,46.742352,5400,1004
2022-11-08,46.93,47.889999,46.57,47.119999,46.792007,16600,1005
2022-11-09,46.849998,46.849998,45.82,45.889999,45.570568,5500,1006
2022-11-10,47.849998,49.07,47.849998,49.040001,48.698643,18900,1007
2022-11-11,49.27,51.240002,49.240002,51.169998,50.813812,8600,1008
2022-11-14,50.939999,50.939999,50.200001,50.240002,49.890289,24800,1009
2022-11-15,50.959999,51.23,50.150002,50.509998,50.158409,15700,1010
2022-11-16,50.310001,50.369999,49.709999,49.779999,49.433483,11000,1011
2022-11-17,48.900002,48.900002,48.360001,48.610001,48.271633,23900,1012
2022-11-18,49.450001,49.450001,48.48,48.720001,48.380871,8100,1013
2022-11-21,48.490002,48.84,48.34,48.740002,48.40073,6300,1014
2022-11-22,48.740002,48.959999,48.380001,48.82,48.480171,67600,1015
2022-11-23,48.68,49.41,48.68,49.259998,48.917107,10200,1016
2022-11-25,49.25,49.560001,49.23,49.529999,49.18523,5400,1017
2022-11-28,49.09,49.43,47.970001,48.66,48.321285,25000,1018
2022-11-29,48.450001,48.689999,48.360001,48.52,48.182255,7200,1019
2022-11-30,48.759998,50.279999,48.549999,50.279999,49.930004,15900,1020
2022-12-01,50.84,51.169998,50.77,51.009998,50.65493,15100,1021
2022-12-02,50.389999,51.610001,50.389999,51.349998,50.992565,16600,1022
2022-12-05,51.029999,51.029999,50.169998,50.279999,49.930004,9600,1023
2022-12-06,50.279999,50.279999,49.220001,49.310001,48.966766,15400,1024
2022-12-07,49.299999,49.759998,49.299999,49.419998,49.075993,13000,1025
2022-12-08,49.32,49.759998,48.279999,49.59,49.244812,13300,1026
2022-12-09,49.91,50.099998,49.66,49.66,49.314327,10500,1027
2022-12-12,49.759998,50,49.419998,49.959999,49.612232,12700,1028
2022-12-13,51.369999,51.650002,50.349998,50.669998,50.317295,22300,1029
2022-12-14,50.599998,50.73,49.990002,50.209999,49.860493,11400,1030
2022-12-15,49.209999,49.369999,48.490002,48.57,48.231911,11500,1031
2022-12-16,47.779999,48.119999,47.759998,48.110001,47.775112,9500,1032
2022-12-19,47.68,47.799999,47.259998,47.349998,47.020405,9800,1033
2022-12-20,47.060001,47.599998,46.849998,47.290001,46.960827,13500,1034
2022-12-21,47.34,48.34,47.34,47.880001,47.546722,12000,1035
2022-12-22,47.360001,47.360001,46.290001,47.130001,46.90971,13300,1036
2022-12-23,46.860001,47.220001,46.75,47.18,46.959473,16200,1037
2022-12-27,47.150002,47.150002,46.610001,46.75,46.531483,15900,1038
2022-12-28,46.779999,47.099998,46.209999,46.209999,45.994011,11100,1039
2022-12-29,46.470001,47.490002,46.470001,47.400002,47.178444,10100,1040
2022-12-30,46.919998,47.110001,46.66,47.110001,46.889801,11000,1041
2023-01-03,47.470001,47.830002,46.41,46.830002,46.611111,19200,1042
2023-01-04,47.25,47.900002,47.25,47.650002,47.42728,6300,1043
2023-01-05,47.139999,47.34,46.84,47.139999,46.919662,15900,1044
2023-01-06,47.060001,48.52,47.029999,48.389999,48.163822,23100,1045
2023-01-09,48.68,49.48,48.68,48.84,48.611713,10300,1046
2023-01-10,48.740002,50.049999,48.740002,50.049999,49.816055,13100,1047
2023-01-11,50.200001,51.110001,50.200001,50.959999,50.721802,6400,1048
2023-01-12,51.16,51.459999,50.560001,51.349998,51.109982,6100,1049
2023-01-13,51.16,51.849998,51.16,51.84,51.597691,5400,1050
2023-01-17,51.779999,52.119999,51.720001,51.950001,51.707176,7900,1051
2023-01-18,52.290001,52.57,51.209999,51.279999,51.04031,7400,1052
2023-01-19,50.880001,51.200001,48.880001,51.080002,50.841248,37500,1053
2023-01-20,50.869999,51.73,50.869999,51.700001,51.458347,4500,1054
2023-01-23,51.68,52.380001,51.68,52.310001,52.065498,6800,1055
2023-01-24,51.959999,52.119999,51.830002,51.900002,51.65741,5200,1056
2023-01-25,51.459999,52.330002,49.959999,52.330002,52.085403,3200,1057
2023-01-26,52.799999,52.889999,52.299999,52.610001,52.364094,8300,1058
2023-01-27,52.669998,53.32,52.669998,53.07,52.821941,5300,1059
2023-01-30,52.720001,52.98,52.380001,52.380001,52.13517,3200,1060
2023-01-31,52.73,53.32,52.639999,53.32,53.07077,5100,1061
2023-02-01,53.34,54.349998,53.290001,54.27,54.016331,4600,1062
2023-02-02,54.419998,55.68,54.419998,55.490002,55.230633,6500,1063
2023-02-03,54.849998,55.369999,54.400002,54.540001,54.285072,8300,1064
2023-02-06,54.119999,54.349998,52.82,53.939999,53.687878,30300,1065
2023-02-07,53.849998,54.450001,53.290001,54.360001,54.105911,13600,1066
2023-02-08,53.990002,53.990002,53.57,53.57,53.319603,3200,1067
2023-02-09,53.98,53.98,52.790001,52.790001,52.543251,4500,1068
2023-02-10,52.450001,52.669998,52.099998,52.419998,52.174976,4100,1069
2023-02-13,52.349998,53.25,52.349998,53.169998,52.921471,4000,1070
2023-02-14,53.259998,54.200001,53.040001,53.720001,53.468903,10100,1071
2023-02-15,53.119999,54.529999,53.119999,54.509998,54.255207,6500,1072
2023-02-16,53.68,54.23,53.389999,53.560001,53.309658,7400,1073
2023-02-17,53.32,53.52,52.939999,53.330002,53.08073,5500,1074
2023-02-21,52.759998,52.759998,51.669998,51.669998,51.428482,9600,1075
2023-02-22,51.650002,52.110001,51.639999,51.669998,51.428482,6500,1076
2023-02-23,52.09,52.09,51.299999,51.950001,51.707176,3600,1077
2023-02-24,51.099998,51.25,50.869999,51.080002,50.841248,6600,1078
2023-02-27,51.240002,51.240002,50.799999,50.959999,50.721802,7200,1079
2023-02-28,50.669998,50.849998,50.560001,50.66,50.423203,18900,1080
2023-03-01,50.48,50.59,50.23,50.450001,50.214188,6800,1081
2023-03-02,50.07,50.619999,50.07,50.619999,50.383392,8300,1082
2023-03-03,50.790001,51.07,50.75,51.040001,50.80143,11700,1083
2023-03-06,50.869999,51.23,50.52,50.59,50.353531,7900,1084
2023-03-07,50.59,50.849998,50.029999,50.110001,49.875774,5300,1085
2023-03-08,49.970001,50.169998,49.810001,50.139999,49.905636,4900,1086
2023-03-09,50.259998,50.299999,49.299999,49.369999,49.139233,7600,1087
2023-03-10,49.099998,49.200001,47.720001,48.09,47.865219,5800,1088
2023-03-13,47.650002,48.650002,47.5,48.130001,47.905033,5500,1089
2023-03-14,48.610001,48.849998,48.119999,48.5,48.2733,15700,1090
2023-03-15,47.25,48.279999,47.139999,48.279999,48.054329,7200,1091
2023-03-16,48.369999,49.279999,48.369999,49.240002,49.009846,9000,1092
2023-03-17,48.889999,49.02,48.5,48.73,48.502228,17900,1093
2023-03-20,49.009998,49.099998,48.75,49.080002,48.850597,4000,1094
2023-03-21,49.43,49.950001,49.43,49.84,49.60704,16700,1095
2023-03-22,49.439999,49.48,48.380001,48.380001,48.18964,4700,1096
2023-03-23,48.41,48.41,47.110001,47.25,47.064083,7800,1097
2023-03-24,46.880001,47.41,46.790001,47.389999,47.203533,8600,1098
2023-03-27,47.939999,48.209999,47.709999,48,47.811134,6700,1099
2023-03-28,47.990002,48.349998,47.900002,48.09,47.90078,40200,1100
2023-03-29,48.43,49.990002,48.41,48.639999,48.448616,6100,1101
2023-03-30,49,49.099998,48.889999,48.950001,48.757397,4200,1102
2023-03-31,49.459999,49.639999,49.439999,49.639999,49.444675,4000,1103
2023-04-03,49.720001,49.720001,49.25,49.720001,49.524368,5100,1104
2023-04-04,49.73,49.73,49.27,49.34,49.145863,41000,1105
2023-04-05,49.049999,49.049999,48.799999,48.91,48.717552,8000,1106
2023-04-06,48.939999,49.32,48.849998,49.23,49.036293,3000,1107
2023-04-10,48.880001,49.470001,48.880001,49.459999,49.265388,2700,1108
2023-04-11,49.919998,50.130001,49.880001,49.990002,49.793308,5100,1109
2023-04-12,50.200001,50.27,49.490002,49.490002,49.295273,3700,1110
2023-04-13,49.880001,52.200001,49.77,51.700001,51.496574,130600,1111
2023-04-14,51.810001,52,51.32,51.720001,51.516499,34600,1112
2023-04-17,51.73,51.740002,51.220001,51.450001,51.247559,11600,1113
2023-04-18,51.75,51.75,51.169998,51.27,51.068268,2300,1114
2023-04-19,51.110001,51.23,51.009998,51.23,51.028423,7900,1115
2023-04-20,51.32,51.669998,51.32,51.509998,51.307323,9300,1116
2023-04-21,51.650002,51.98,51.650002,51.959999,51.755554,8300,1117
2023-04-24,52.040001,52.450001,52.040001,52.43,52.223701,11200,1118
2023-04-25,52.169998,52.169998,51.119999,51.119999,50.918858,6700,1119
2023-04-26,51.200001,51.400002,50.98,51.07,50.869053,16000,1120
2023-04-27,51.259998,51.610001,51.110001,51.610001,51.406929,10600,1121
2023-04-28,51.599998,52.220001,51.599998,52.09,51.88504,10200,1122
2023-05-01,52.200001,52.560001,52.189999,52.490002,52.28347,4400,1123
2023-05-02,51.889999,51.889999,51.099998,51.5,51.297363,7800,1124
2023-05-03,51.91,52.259998,51.849998,51.900002,51.695786,3600,1125
2023-05-04,51.779999,51.880001,51.540001,51.849998,51.645985,4400,1126
2023-05-05,51.59,52.5,51.470001,52.41,52.203781,3600,1127
2023-05-08,52.290001,52.360001,52.029999,52.150002,51.944809,3500,1128
2023-05-09,52.009998,52.009998,51.84,51.880001,51.675869,3000,1129
2023-05-10,52.419998,52.57,52.040001,52.23,52.02449,3500,1130
2023-05-11,52.049999,52.360001,52.049999,52.279999,52.074291,3000,1131
2023-05-12,52.330002,52.330002,51.73,51.869999,51.665905,3700,1132
2023-05-15,51.779999,52.09,51.779999,52.09,51.88504,2200,1133
2023-05-16,51.259998,51.34,51.18,51.209999,51.008503,3000,1134
2023-05-17,51.110001,51.290001,50.799999,51.189999,50.988583,3500,1135
2023-05-18,50.91,51.279999,50.84,51.27,51.068268,4600,1136
2023-05-19,51.169998,51.34,50.73,50.799999,50.600117,2500,1137
2023-05-22,50.110001,50.439999,50,50.27,50.072205,9700,1138
2023-05-23,49.720001,49.93,49.389999,49.48,49.285313,2800,1139
2023-05-24,49,49,48.16,48.509998,48.319126,3100,1140
2023-05-25,48.41,48.41,47.669998,47.810001,47.621883,6900,1141
2023-05-26,47.68,48.32,47.68,47.93,47.741405,5800,1142
2023-05-30,48.07,48.400002,47.830002,47.919998,47.731445,10000,1143
2023-05-31,47.34,48.09,47.259998,47.82,47.631844,51500,1144
2023-06-01,48.630001,49.330002,48.630001,49.049999,48.856998,6900,1145
2023-06-02,49.950001,49.950001,49.630001,49.919998,49.723579,5000,1146
2023-06-05,49.700001,49.93,49.66,49.82,49.623974,10400,1147
2023-06-06,49.68,50.18,49.57,50.049999,49.853065,5100,1148
2023-06-07,50.18,50.18,49.560001,49.66,49.4646,4700,1149
2023-06-08,49.709999,50.200001,49.709999,50.200001,50.00248,4200,1150
2023-06-09,49.990002,50.279999,49.990002,50.139999,49.942715,2600,1151
2023-06-12,50.07,50.630001,50.07,50.630001,50.430786,2700,1152
2023-06-13,50.700001,51.279999,50.700001,50.990002,50.789371,5700,1153
2023-06-14,51.009998,51.169998,50.66,50.75,50.550316,1500,1154
2023-06-15,50.759998,51.650002,50.759998,51.650002,51.446774,4100,1155
2023-06-16,51.709999,51.709999,51.259998,51.27,51.068268,3600,1156
2023-06-20,50.889999,51.040001,50.360001,50.880001,50.679806,5700,1157
2023-06-21,50.529999,50.66,50.349998,50.599998,50.448494,4000,1158
2023-06-22,50.34,50.75,50.279999,50.630001,50.478409,4900,1159
2023-06-23,50.299999,50.619999,50.299999,50.509998,50.358765,4700,1160
2023-06-26,50.400002,50.400002,50.189999,50.189999,50.039726,1500,1161
2023-06-27,50,50.490002,49.990002,50.27,50.119488,6900,1162
2023-06-28,50.060001,50.389999,49.970001,50.150002,49.999844,2600,1163
2023-06-29,50.060001,50.389999,49.860001,50.330002,50.17931,6200,1164
2023-06-30,50.52,50.939999,50.52,50.799999,50.647896,6900,1165
2023-07-03,50.439999,50.57,50.349998,50.470001,50.31889,3400,1166
2023-07-05,50,50.080002,49.720001,50.080002,49.930054,3600,1167
2023-07-06,49.669998,49.75,49.330002,49.740002,49.591076,2200,1168
2023-07-07,49.830002,50.25,49.77,49.939999,49.79047,5000,1169
2023-07-10,49.84,50.709999,49.84,50.709999,50.55817,2600,1170
2023-07-11,50.959999,51.189999,50.939999,51.189999,51.036732,3100,1171
2023-07-12,51.630001,51.73,51.169998,51.34,51.186283,4500,1172
2023-07-13,51.43,51.779999,51.400002,51.400002,51.246105,3800,1173
2023-07-14,51.43,51.490002,51.259998,51.369999,51.21619,3200,1174
2023-07-17,51.34,51.369999,51.09,51.27,51.116493,4700,1175
2023-07-18,51.389999,51.540001,51.299999,51.540001,51.385685,4600,1176
2023-07-19,51.650002,52.209999,51.630001,51.860001,51.704727,5700,1177
2023-07-20,51.59,51.59,50.919998,51.02,50.867241,11300,1178
2023-07-21,51.130001,51.830002,51.130001,51.669998,51.515289,4300,1179
2023-07-24,51.470001,51.57,51.419998,51.459999,51.30592,3300,1180
2023-07-25,51.43,52.139999,51.43,52,51.844307,2800,1181
2023-07-26,51.82,52.25,51.82,52.209999,52.053677,2800,1182
2023-07-27,52.560001,52.77,51.73,51.73,51.575115,2400,1183
2023-07-28,51.98,52.41,51.98,52.41,52.253078,3500,1184
2023-07-31,52.369999,52.709999,52.369999,52.59,52.432541,3300,1185
2023-08-01,52.32,52.32,51.68,51.91,51.754574,4900,1186
2023-08-02,51.630001,51.630001,51.209999,51.380001,51.226162,2900,1187
2023-08-03,51.669998,51.669998,50.169998,51.419998,51.266041,2800,1188
2023-08-04,51.43,51.84,51.279999,51.279999,51.126461,5000,1189
2023-08-07,51.389999,52.150002,51.389999,52.150002,51.993858,2900,1190
2023-08-08,51.630001,51.98,51.470001,51.98,51.824364,2600,1191
2023-08-09,51.880001,51.950001,51.700001,51.84,51.684784,3500,1192
2023-08-10,52.290001,52.290001,51.549999,51.610001,51.455475,1500,1193
2023-08-11,51.48,51.830002,51.48,51.779999,51.624966,3400,1194
2023-08-14,51.509998,51.66,51.48,51.59,51.435532,4000,1195
2023-08-15,51.209999,51.41,51.209999,51.369999,51.21619,4000,1196
2023-08-16,51.279999,51.290001,50.880001,50.880001,50.727661,1100,1197
2023-08-17,51.009998,51.009998,50.349998,50.349998,50.199245,6300,1198
2023-08-18,50.009998,50.369999,50.009998,50.360001,50.209217,1700,1199
2023-08-21,50.279999,50.279999,50.040001,50.139999,49.989872,2500,1200
2023-08-22,49.860001,49.950001,49.75,49.91,49.760563,1700,1201
2023-08-23,49.91,50.330002,49.91,50.130001,49.979908,4300,1202
2023-08-24,49.91,49.91,49.119999,49.119999,48.972931,14200,1203
2023-08-25,49.279999,49.549999,49.029999,49.529999,49.381702,3200,1204
2023-08-28,49.650002,50.110001,49.650002,49.84,49.690773,4000,1205
2023-08-29,49.799999,50.75,49.799999,50.75,50.598049,5500,1206
2023-08-30,51,51.029999,50.75,50.830002,50.677811,10700,1207
2023-08-31,50.490002,50.490002,50.049999,50.049999,49.900146,6700,1208
2023-09-01,50.18,50.18,50.07,50.16,50.009815,2800,1209
2023-09-05,49.990002,49.990002,49.720001,49.73,49.5811,2900,1210
2023-09-06,49.52,49.52,49.040001,49.07,48.923077,3100,1211
2023-09-07,48.290001,48.290001,48.130001,48.25,48.105534,9400,1212
2023-09-08,47.889999,48.009998,47.639999,47.720001,47.577122,8800,1213
2023-09-11,47.580002,47.880001,47.52,47.619999,47.477417,4700,1214
2023-09-12,47.23,47.560001,47.200001,47.330002,47.18829,5000,1215
2023-09-13,47.310001,47.310001,46.869999,46.900002,46.759575,4400,1216
2023-09-14,46.709999,47.09,46.689999,47.09,46.949009,7800,1217
2023-09-15,46.950001,47.040001,46.560001,46.580002,46.440536,8300,1218
2023-09-18,46.459999,46.459999,46.220001,46.32,46.181313,3900,1219
2023-09-19,46.029999,46.380001,46.029999,46.380001,46.241131,3600,1220
2023-09-20,46.389999,46.400002,45.849998,45.849998,45.802586,4600,1221
2023-09-21,45.59,45.849998,44.900002,44.939999,44.893528,4500,1222
2023-09-22,45.09,45.23,44.990002,45.029999,44.983433,6200,1223
2023-09-25,44.790001,44.889999,44.790001,44.82,44.773651,2200,1224
2023-09-26,44.52,44.700001,44.470001,44.59,44.543892,2400,1225
2023-09-27,44.630001,44.799999,43.950001,44.369999,44.324116,17500,1226
2023-09-28,44.330002,44.630001,44.27,44.5,44.453983,3100,1227
2023-09-29,44.810001,45,44.509998,44.639999,44.593838,22900,1228
2023-10-02,44.450001,44.450001,44.259998,44.290001,44.244202,4700,1229
2023-10-03,44.049999,44.18,43.41,43.580002,43.534935,2200,1230
2023-10-04,43.529999,43.889999,43.259998,43.799999,43.754707,4200,1231
2023-10-05,43.830002,43.830002,43.470001,43.639999,43.594872,1900,1232
2023-10-06,43.310001,44.32,43.139999,44.16,44.114334,4600,1233
2023-10-09,43.669998,44,43.48,43.91,43.864594,1400,1234
2023-10-10,44.389999,44.509998,44.360001,44.360001,44.314129,2100,1235
2023-10-11,44.299999,44.439999,44.169998,44.439999,44.394043,2100,1236
2023-10-12,43.860001,43.860001,43.330002,43.349998,43.305172,4300,1237
2023-10-13,43.27,43.290001,42.970001,43.02,42.975513,11000,1238
2023-10-16,43.25,43.849998,43.200001,43.740002,43.694771,5800,1239
2023-10-17,43.380001,44.150002,42.900002,44.150002,44.104347,6700,1240
2023-10-18,43.939999,43.950001,43.200001,43.209999,43.165318,5600,1241
2023-10-19,43.02,43.099998,42.779999,42.860001,42.815681,3300,1242
2023-10-20,42.599998,42.779999,42.490002,42.5,42.456051,15700,1243
2023-10-23,42.389999,42.889999,42.259998,42.619999,42.575928,5000,1244
2023-10-24,42.810001,43.060001,42.779999,42.82,42.775719,10000,1245
2023-10-25,42.009998,42.400002,42.009998,42.299999,42.256256,6400,1246
2023-10-26,42.080002,42.189999,41.830002,42.130001,42.086433,7300,1247
2023-10-27,42.200001,42.220001,41.66,41.66,41.61692,4900,1248
2023-10-30,42.09,42.299999,42,42.290001,42.246269,2800,1249
2023-10-31,42.279999,42.5,42.259998,42.48,42.436073,1800,1250
2023-11-01,41.91,42.110001,41.689999,42.09,42.046474,4200,1251
2023-11-02,42.27,43.450001,42.27,43.450001,43.405071,3900,1252
2023-11-03,44.02,44.639999,44.02,44.439999,44.394043,4200,1253
2023-11-06,44.73,44.98,44.43,44.560001,44.513924,2800,1254
2023-11-07,44.34,45.040001,44.34,44.830002,44.783646,3700,1255
2023-11-08,45.130001,45.139999,44.84,44.939999,44.893528,5100,1256
2023-11-09,45.220001,45.220001,44.59,44.610001,44.563869,2500,1257
2023-11-10,44.669998,44.84,44.369999,44.84,44.793633,7500,1258
2023-11-13,44.459999,44.77,44.380001,44.75,44.703724,3100,1259
2023-11-14,45.290001,46.470001,45.290001,46.169998,46.122253,8500,1260
2023-11-15,46.5,46.740002,46.450001,46.48,46.431934,3200,1261
2023-11-16,46.25,46.349998,45.939999,46.220001,46.172207,5100,1262
2023-11-17,46.439999,46.580002,46.360001,46.580002,46.531834,3300,1263
2023-11-20,46.650002,47.110001,46.650002,46.959999,46.911438,5000,1264
2023-11-21,46.939999,46.939999,46.689999,46.869999,46.821533,4300,1265
2023-11-22,46.889999,46.970001,46.82,46.880001,46.831524,4600,1266
2023-11-24,46.84,47.080002,46.799999,47.080002,47.031319,1600,1267
2023-11-27,46.900002,46.900002,46.439999,46.450001,46.401966,6000,1268
2023-11-28,46.5,46.740002,46.349998,46.740002,46.691669,4400,1269
2023-11-29,47.349998,47.580002,47,47.060001,47.011337,4300,1270
2023-11-30,47,47,46.68,46.950001,46.901451,4600,1271
2023-12-01,47.389999,48,47.389999,47.98,47.930386,2300,1272
2023-12-04,47.689999,48.720001,47.689999,48.509998,48.459835,4800,1273
2023-12-05,48.380001,48.490002,48.110001,48.169998,48.120186,10800,1274
2023-12-06,48.470001,48.889999,48.470001,48.66,48.60968,5500,1275
2023-12-07,48.25,48.830002,48.189999,48.830002,48.779507,5000,1276
2023-12-08,48.900002,49.009998,48.630001,49.009998,48.959316,3900,1277
2023-12-11,48.990002,49.639999,48.990002,49.549999,49.49876,4400,1278
2023-12-12,49.490002,49.75,49.400002,49.68,49.628628,3900,1279
2023-12-13,49.709999,51.09,49.66,51.09,51.03717,7000,1280
2023-12-14,51.560001,52,51.27,51.27,51.216984,5800,1281
2023-12-15,51.380001,51.389999,50.599998,50.849998,50.797417,8100,1282
2023-12-18,50.93,51.16,50.869999,51.07,51.017189,4900,1283
2023-12-19,51.540001,52.27,51.139999,52.220001,52.166,9800,1284
2023-12-20,52.080002,52.369999,51.700001,51.700001,51.700001,8400,1285
2023-12-21,52.27,52.459999,52.060001,52.459999,52.459999,4100,1286
2023-12-22,52.560001,52.709999,52.43,52.509998,52.509998,5500,1287
2023-12-26,52.34,52.849998,52.34,52.759998,52.759998,4700,1288
2023-12-27,52.639999,53.130001,52.639999,53.110001,53.110001,6200,1289
2023-12-28,53.060001,53.240002,53.060001,53.130001,53.130001,5200,1290
2023-12-29,52.93,53.009998,52.700001,52.73,52.73,5500,1291
2024-01-02,52.150002,52.509998,51.5,52.259998,52.259998,8400,1292
2024-01-03,51.75,51.75,51.310001,51.389999,51.389999,4000,1293
2024-01-04,51.419998,51.57,51.310001,51.41,51.41,4800,1294
2024-01-05,51.110001,51.450001,51.110001,51.32,51.32,1900,1295
2024-01-08,51.259998,51.549999,51.200001,51.549999,51.549999,3600,1296
2024-01-09,51.18,51.900002,51.009998,51.709999,51.709999,2900,1297
2024-01-10,51.439999,51.919998,51.439999,51.720001,51.720001,5000,1298
2024-01-11,51.740002,51.810001,51.34,51.779999,51.779999,3900,1299
2024-01-12,51.860001,51.880001,51.259998,51.43,51.43,3800,1300
2024-01-16,50.970001,50.990002,50.57,50.57,50.57,4500,1301
2024-01-17,50.18,50.369999,50.009998,50.330002,50.330002,2300,1302
2024-01-18,50.650002,50.720001,50.060001,50.509998,50.509998,7500,1303
2024-01-19,50.490002,50.57,50.220001,50.57,50.57,3700,1304
2024-01-22,50.59,51.290001,50.59,50.939999,50.939999,4600,1305
2024-01-23,51.060001,51.369999,50.880001,51.049999,51.049999,6200,1306
2024-01-24,51.419998,51.419998,50.709999,50.709999,50.709999,5500,1307
2024-01-25,51.029999,51.029999,50.009998,50.98,50.98,3700,1308
2024-01-26,50.98,51.279999,50.98,51.139999,51.139999,2600,1309
2024-01-29,51,51.150002,50.700001,51.150002,51.150002,3600,1310
2024-01-30,50.869999,50.869999,50.549999,50.709999,50.709999,3300,1311
2024-01-31,50.650002,50.650002,50.02,50.02,50.02,2600,1312
2024-02-01,49.990002,50.470001,49.77,50.43,50.43,2600,1313
2024-02-02,49.810001,50.32,49.77,50.189999,50.189999,7800,1314
2024-02-05,50.139999,50.369999,49.860001,50.25,50.25,6900,1315
2024-02-06,50.580002,50.990002,50.580002,50.950001,50.950001,3600,1316
2024-02-07,51,51,50.779999,50.779999,50.779999,4900,1317
2024-02-08,50.830002,51.119999,50.799999,50.849998,50.849998,6000,1318
2024-02-09,50.740002,51.169998,50.57,50.970001,50.970001,2400,1319
2024-02-12,51,51.560001,51,51.48,51.48,2900,1320
2024-02-13,50.610001,50.75,50.139999,50.349998,50.349998,4600,1321
2024-02-14,50.740002,51.040001,50.540001,51.040001,51.040001,4500,1322
2024-02-15,51.389999,51.91,51.389999,51.91,51.91,2900,1323
2024-02-16,51.119999,51.119999,50.630001,50.709999,50.709999,2600,1324
2024-02-20,50.68,50.810001,50.470001,50.59,50.59,6900,1325
2024-02-21,50.509998,50.509998,50,50.240002,50.240002,3500,1326
2024-02-22,50.330002,50.740002,50.110001,50.639999,50.639999,5400,1327
2024-02-23,50.549999,50.91,50.549999,50.849998,50.849998,2000,1328
2024-02-26,51.48,51.959999,51.400002,51.830002,51.830002,3300,1329
2024-02-27,51.889999,52.200001,51.799999,52.200001,52.200001,4600,1330
2024-02-28,51.830002,51.893002,51.893002,51.893002,51.893002,754,1331